clock_id,name,year,species,data_type,generation,tissue,tissue_class,population,population_class,training_target,target_class,translage_trained_phenotype,predicts,platform,n_features,unit,scale_type,legal_operations,model_type,availability,ships_coefficients,profile_key,n_same_profile,peers_same_profile,n_same_tissue_class,n_same_target_class,feature_overlap_partner,feature_overlap_jaccard,feature_overlap_shared,feature_overlap_note,external_catalogues,external_catalogue_urls,training_cohort_note,verify_url,verify_url_kind,verify_url_status,coefficient_source_url,citation
deconvolutebloodepicbcell,deconvolutebloodepicbcell,2018,Homo sapiens,dna_methylation,other,purified blood leukocytes,blood_derived,adults,adults,cell-type-specific methylation contrast,cell_composition,,B cell proportion,EPICv1,,proportion,proportion,compositional; correlate; difference; mean,reference-based constrained deconvolution,untraced,no,Homo sapiens|blood_derived|adults|cell_composition,18,deconvolutebloodepiccd4tcell; deconvolutebloodepiccd8tcell; deconvolutebloodepicmonocyte; deconvolutebloodepicneutrophil; deconvolutebloodepicnkcell; twelvecelldeconvolutebloodepicbas; twelvecelldeconvolutebloodepicbmem; twelvecelldeconvolutebloodepicbnv; twelvecelldeconvolutebloodepiccd4mem; twelvecelldeconvolutebloodepiccd4nv; twelvecelldeconvolutebloodepiccd8mem; twelvecelldeconvolutebloodepiccd8nv; twelvecelldeconvolutebloodepiceos; twelvecelldeconvolutebloodepicmono; twelvecelldeconvolutebloodepicneu; twelvecelldeconvolutebloodepicnk; twelvecelldeconvolutebloodepictreg,33,18,,,,features not distributed for this clock,,,,https://doi.org/10.1186/s13059-018-1448-7,doi,200 ok,,"Salas, L.A., Koestler, D.C., Butler, R.A. et al. An optimized library for reference-based deconvolution of whole-blood biospecimens assayed using the Illumina HumanMethylationEPIC BeadArray. Genome Biology 19, 64 (2018)."
deconvolutebloodepiccd4tcell,deconvolutebloodepiccd4tcell,2018,Homo sapiens,dna_methylation,other,purified blood leukocytes,blood_derived,adults,adults,cell-type-specific methylation contrast,cell_composition,,CD4+ T cell proportion,EPICv1,,proportion,proportion,compositional; correlate; difference; mean,reference-based constrained deconvolution,untraced,no,Homo sapiens|blood_derived|adults|cell_composition,18,deconvolutebloodepicbcell; deconvolutebloodepiccd8tcell; deconvolutebloodepicmonocyte; deconvolutebloodepicneutrophil; deconvolutebloodepicnkcell; twelvecelldeconvolutebloodepicbas; twelvecelldeconvolutebloodepicbmem; twelvecelldeconvolutebloodepicbnv; twelvecelldeconvolutebloodepiccd4mem; twelvecelldeconvolutebloodepiccd4nv; twelvecelldeconvolutebloodepiccd8mem; twelvecelldeconvolutebloodepiccd8nv; twelvecelldeconvolutebloodepiceos; twelvecelldeconvolutebloodepicmono; twelvecelldeconvolutebloodepicneu; twelvecelldeconvolutebloodepicnk; twelvecelldeconvolutebloodepictreg,33,18,,,,features not distributed for this clock,,,,https://doi.org/10.1186/s13059-018-1448-7,doi,200 ok,,"Salas, L.A., Koestler, D.C., Butler, R.A. et al. An optimized library for reference-based deconvolution of whole-blood biospecimens assayed using the Illumina HumanMethylationEPIC BeadArray. Genome Biology 19, 64 (2018)."
deconvolutebloodepiccd8tcell,deconvolutebloodepiccd8tcell,2018,Homo sapiens,dna_methylation,other,purified blood leukocytes,blood_derived,adults,adults,cell-type-specific methylation contrast,cell_composition,,CD8+ T cell proportion,EPICv1,,proportion,proportion,compositional; correlate; difference; mean,reference-based constrained deconvolution,untraced,no,Homo sapiens|blood_derived|adults|cell_composition,18,deconvolutebloodepicbcell; deconvolutebloodepiccd4tcell; deconvolutebloodepicmonocyte; deconvolutebloodepicneutrophil; deconvolutebloodepicnkcell; twelvecelldeconvolutebloodepicbas; twelvecelldeconvolutebloodepicbmem; twelvecelldeconvolutebloodepicbnv; twelvecelldeconvolutebloodepiccd4mem; twelvecelldeconvolutebloodepiccd4nv; twelvecelldeconvolutebloodepiccd8mem; twelvecelldeconvolutebloodepiccd8nv; twelvecelldeconvolutebloodepiceos; twelvecelldeconvolutebloodepicmono; twelvecelldeconvolutebloodepicneu; twelvecelldeconvolutebloodepicnk; twelvecelldeconvolutebloodepictreg,33,18,,,,features not distributed for this clock,,,,https://doi.org/10.1186/s13059-018-1448-7,doi,200 ok,,"Salas, L.A., Koestler, D.C., Butler, R.A. et al. An optimized library for reference-based deconvolution of whole-blood biospecimens assayed using the Illumina HumanMethylationEPIC BeadArray. Genome Biology 19, 64 (2018)."
deconvolutebloodepicmonocyte,deconvolutebloodepicmonocyte,2018,Homo sapiens,dna_methylation,other,purified blood leukocytes,blood_derived,adults,adults,cell-type-specific methylation contrast,cell_composition,,monocyte proportion,EPICv1,,proportion,proportion,compositional; correlate; difference; mean,reference-based constrained deconvolution,untraced,no,Homo sapiens|blood_derived|adults|cell_composition,18,deconvolutebloodepicbcell; deconvolutebloodepiccd4tcell; deconvolutebloodepiccd8tcell; deconvolutebloodepicneutrophil; deconvolutebloodepicnkcell; twelvecelldeconvolutebloodepicbas; twelvecelldeconvolutebloodepicbmem; twelvecelldeconvolutebloodepicbnv; twelvecelldeconvolutebloodepiccd4mem; twelvecelldeconvolutebloodepiccd4nv; twelvecelldeconvolutebloodepiccd8mem; twelvecelldeconvolutebloodepiccd8nv; twelvecelldeconvolutebloodepiceos; twelvecelldeconvolutebloodepicmono; twelvecelldeconvolutebloodepicneu; twelvecelldeconvolutebloodepicnk; twelvecelldeconvolutebloodepictreg,33,18,,,,features not distributed for this clock,,,,https://doi.org/10.1186/s13059-018-1448-7,doi,200 ok,,"Salas, L.A., Koestler, D.C., Butler, R.A. et al. An optimized library for reference-based deconvolution of whole-blood biospecimens assayed using the Illumina HumanMethylationEPIC BeadArray. Genome Biology 19, 64 (2018)."
deconvolutebloodepicneutrophil,deconvolutebloodepicneutrophil,2018,Homo sapiens,dna_methylation,other,purified blood leukocytes,blood_derived,adults,adults,cell-type-specific methylation contrast,cell_composition,,neutrophil proportion,EPICv1,,proportion,proportion,compositional; correlate; difference; mean,reference-based constrained deconvolution,untraced,no,Homo sapiens|blood_derived|adults|cell_composition,18,deconvolutebloodepicbcell; deconvolutebloodepiccd4tcell; deconvolutebloodepiccd8tcell; deconvolutebloodepicmonocyte; deconvolutebloodepicnkcell; twelvecelldeconvolutebloodepicbas; twelvecelldeconvolutebloodepicbmem; twelvecelldeconvolutebloodepicbnv; twelvecelldeconvolutebloodepiccd4mem; twelvecelldeconvolutebloodepiccd4nv; twelvecelldeconvolutebloodepiccd8mem; twelvecelldeconvolutebloodepiccd8nv; twelvecelldeconvolutebloodepiceos; twelvecelldeconvolutebloodepicmono; twelvecelldeconvolutebloodepicneu; twelvecelldeconvolutebloodepicnk; twelvecelldeconvolutebloodepictreg,33,18,,,,features not distributed for this clock,,,,https://doi.org/10.1186/s13059-018-1448-7,doi,200 ok,,"Salas, L.A., Koestler, D.C., Butler, R.A. et al. An optimized library for reference-based deconvolution of whole-blood biospecimens assayed using the Illumina HumanMethylationEPIC BeadArray. Genome Biology 19, 64 (2018)."
deconvolutebloodepicnkcell,deconvolutebloodepicnkcell,2018,Homo sapiens,dna_methylation,other,purified blood leukocytes,blood_derived,adults,adults,cell-type-specific methylation contrast,cell_composition,,natural killer cell proportion,EPICv1,,proportion,proportion,compositional; correlate; difference; mean,reference-based constrained deconvolution,untraced,no,Homo sapiens|blood_derived|adults|cell_composition,18,deconvolutebloodepicbcell; deconvolutebloodepiccd4tcell; deconvolutebloodepiccd8tcell; deconvolutebloodepicmonocyte; deconvolutebloodepicneutrophil; twelvecelldeconvolutebloodepicbas; twelvecelldeconvolutebloodepicbmem; twelvecelldeconvolutebloodepicbnv; twelvecelldeconvolutebloodepiccd4mem; twelvecelldeconvolutebloodepiccd4nv; twelvecelldeconvolutebloodepiccd8mem; twelvecelldeconvolutebloodepiccd8nv; twelvecelldeconvolutebloodepiceos; twelvecelldeconvolutebloodepicmono; twelvecelldeconvolutebloodepicneu; twelvecelldeconvolutebloodepicnk; twelvecelldeconvolutebloodepictreg,33,18,,,,features not distributed for this clock,,,,https://doi.org/10.1186/s13059-018-1448-7,doi,200 ok,,"Salas, L.A., Koestler, D.C., Butler, R.A. et al. An optimized library for reference-based deconvolution of whole-blood biospecimens assayed using the Illumina HumanMethylationEPIC BeadArray. Genome Biology 19, 64 (2018)."
twelvecelldeconvolutebloodepicbas,twelvecelldeconvolutebloodepicbas,2022,Homo sapiens,dna_methylation,other,purified blood leukocytes,blood_derived,adults,adults,cell-type proportions,cell_composition,,basophil proportion,EPICv1,,proportion,proportion,compositional; correlate; difference; mean,reference-based constrained deconvolution,untraced,no,Homo sapiens|blood_derived|adults|cell_composition,18,deconvolutebloodepicbcell; deconvolutebloodepiccd4tcell; deconvolutebloodepiccd8tcell; deconvolutebloodepicmonocyte; deconvolutebloodepicneutrophil; deconvolutebloodepicnkcell; twelvecelldeconvolutebloodepicbmem; twelvecelldeconvolutebloodepicbnv; twelvecelldeconvolutebloodepiccd4mem; twelvecelldeconvolutebloodepiccd4nv; twelvecelldeconvolutebloodepiccd8mem; twelvecelldeconvolutebloodepiccd8nv; twelvecelldeconvolutebloodepiceos; twelvecelldeconvolutebloodepicmono; twelvecelldeconvolutebloodepicneu; twelvecelldeconvolutebloodepicnk; twelvecelldeconvolutebloodepictreg,33,18,,,,features not distributed for this clock,,,,https://doi.org/10.1038/s41467-021-27864-7,doi,200 ok,,"Salas, L.A., Zhang, Z., Koestler, D.C. et al. Enhanced cell deconvolution of peripheral blood using DNA methylation for high-resolution immune profiling. Nature Communications 13, 761 (2022)."
twelvecelldeconvolutebloodepicbmem,twelvecelldeconvolutebloodepicbmem,2022,Homo sapiens,dna_methylation,other,purified blood leukocytes,blood_derived,adults,adults,cell-type proportions,cell_composition,,memory B cell proportion,EPICv1,,proportion,proportion,compositional; correlate; difference; mean,reference-based constrained deconvolution,untraced,no,Homo sapiens|blood_derived|adults|cell_composition,18,deconvolutebloodepicbcell; deconvolutebloodepiccd4tcell; deconvolutebloodepiccd8tcell; deconvolutebloodepicmonocyte; deconvolutebloodepicneutrophil; deconvolutebloodepicnkcell; twelvecelldeconvolutebloodepicbas; twelvecelldeconvolutebloodepicbnv; twelvecelldeconvolutebloodepiccd4mem; twelvecelldeconvolutebloodepiccd4nv; twelvecelldeconvolutebloodepiccd8mem; twelvecelldeconvolutebloodepiccd8nv; twelvecelldeconvolutebloodepiceos; twelvecelldeconvolutebloodepicmono; twelvecelldeconvolutebloodepicneu; twelvecelldeconvolutebloodepicnk; twelvecelldeconvolutebloodepictreg,33,18,,,,features not distributed for this clock,,,,https://doi.org/10.1038/s41467-021-27864-7,doi,200 ok,,"Salas, L.A., Zhang, Z., Koestler, D.C. et al. Enhanced cell deconvolution of peripheral blood using DNA methylation for high-resolution immune profiling. Nature Communications 13, 761 (2022)."
twelvecelldeconvolutebloodepicbnv,twelvecelldeconvolutebloodepicbnv,2022,Homo sapiens,dna_methylation,other,purified blood leukocytes,blood_derived,adults,adults,cell-type proportions,cell_composition,,naive B cell proportion,EPICv1,,proportion,proportion,compositional; correlate; difference; mean,reference-based constrained deconvolution,untraced,no,Homo sapiens|blood_derived|adults|cell_composition,18,deconvolutebloodepicbcell; deconvolutebloodepiccd4tcell; deconvolutebloodepiccd8tcell; deconvolutebloodepicmonocyte; deconvolutebloodepicneutrophil; deconvolutebloodepicnkcell; twelvecelldeconvolutebloodepicbas; twelvecelldeconvolutebloodepicbmem; twelvecelldeconvolutebloodepiccd4mem; twelvecelldeconvolutebloodepiccd4nv; twelvecelldeconvolutebloodepiccd8mem; twelvecelldeconvolutebloodepiccd8nv; twelvecelldeconvolutebloodepiceos; twelvecelldeconvolutebloodepicmono; twelvecelldeconvolutebloodepicneu; twelvecelldeconvolutebloodepicnk; twelvecelldeconvolutebloodepictreg,33,18,,,,features not distributed for this clock,,,,https://doi.org/10.1038/s41467-021-27864-7,doi,200 ok,,"Salas, L.A., Zhang, Z., Koestler, D.C. et al. Enhanced cell deconvolution of peripheral blood using DNA methylation for high-resolution immune profiling. Nature Communications 13, 761 (2022)."
twelvecelldeconvolutebloodepiccd4mem,twelvecelldeconvolutebloodepiccd4mem,2022,Homo sapiens,dna_methylation,other,purified blood leukocytes,blood_derived,adults,adults,cell-type proportions,cell_composition,,memory CD4+ T cell proportion,EPICv1,,proportion,proportion,compositional; correlate; difference; mean,reference-based constrained deconvolution,untraced,no,Homo sapiens|blood_derived|adults|cell_composition,18,deconvolutebloodepicbcell; deconvolutebloodepiccd4tcell; deconvolutebloodepiccd8tcell; deconvolutebloodepicmonocyte; deconvolutebloodepicneutrophil; deconvolutebloodepicnkcell; twelvecelldeconvolutebloodepicbas; twelvecelldeconvolutebloodepicbmem; twelvecelldeconvolutebloodepicbnv; twelvecelldeconvolutebloodepiccd4nv; twelvecelldeconvolutebloodepiccd8mem; twelvecelldeconvolutebloodepiccd8nv; twelvecelldeconvolutebloodepiceos; twelvecelldeconvolutebloodepicmono; twelvecelldeconvolutebloodepicneu; twelvecelldeconvolutebloodepicnk; twelvecelldeconvolutebloodepictreg,33,18,,,,features not distributed for this clock,,,,https://doi.org/10.1038/s41467-021-27864-7,doi,200 ok,,"Salas, L.A., Zhang, Z., Koestler, D.C. et al. Enhanced cell deconvolution of peripheral blood using DNA methylation for high-resolution immune profiling. Nature Communications 13, 761 (2022)."
twelvecelldeconvolutebloodepiccd4nv,twelvecelldeconvolutebloodepiccd4nv,2022,Homo sapiens,dna_methylation,other,purified blood leukocytes,blood_derived,adults,adults,cell-type proportions,cell_composition,,naive CD4+ T cell proportion,EPICv1,,proportion,proportion,compositional; correlate; difference; mean,reference-based constrained deconvolution,untraced,no,Homo sapiens|blood_derived|adults|cell_composition,18,deconvolutebloodepicbcell; deconvolutebloodepiccd4tcell; deconvolutebloodepiccd8tcell; deconvolutebloodepicmonocyte; deconvolutebloodepicneutrophil; deconvolutebloodepicnkcell; twelvecelldeconvolutebloodepicbas; twelvecelldeconvolutebloodepicbmem; twelvecelldeconvolutebloodepicbnv; twelvecelldeconvolutebloodepiccd4mem; twelvecelldeconvolutebloodepiccd8mem; twelvecelldeconvolutebloodepiccd8nv; twelvecelldeconvolutebloodepiceos; twelvecelldeconvolutebloodepicmono; twelvecelldeconvolutebloodepicneu; twelvecelldeconvolutebloodepicnk; twelvecelldeconvolutebloodepictreg,33,18,,,,features not distributed for this clock,,,,https://doi.org/10.1038/s41467-021-27864-7,doi,200 ok,,"Salas, L.A., Zhang, Z., Koestler, D.C. et al. Enhanced cell deconvolution of peripheral blood using DNA methylation for high-resolution immune profiling. Nature Communications 13, 761 (2022)."
twelvecelldeconvolutebloodepiccd8mem,twelvecelldeconvolutebloodepiccd8mem,2022,Homo sapiens,dna_methylation,other,purified blood leukocytes,blood_derived,adults,adults,cell-type proportions,cell_composition,,memory CD8+ T cell proportion,EPICv1,,proportion,proportion,compositional; correlate; difference; mean,reference-based constrained deconvolution,untraced,no,Homo sapiens|blood_derived|adults|cell_composition,18,deconvolutebloodepicbcell; deconvolutebloodepiccd4tcell; deconvolutebloodepiccd8tcell; deconvolutebloodepicmonocyte; deconvolutebloodepicneutrophil; deconvolutebloodepicnkcell; twelvecelldeconvolutebloodepicbas; twelvecelldeconvolutebloodepicbmem; twelvecelldeconvolutebloodepicbnv; twelvecelldeconvolutebloodepiccd4mem; twelvecelldeconvolutebloodepiccd4nv; twelvecelldeconvolutebloodepiccd8nv; twelvecelldeconvolutebloodepiceos; twelvecelldeconvolutebloodepicmono; twelvecelldeconvolutebloodepicneu; twelvecelldeconvolutebloodepicnk; twelvecelldeconvolutebloodepictreg,33,18,,,,features not distributed for this clock,,,,https://doi.org/10.1038/s41467-021-27864-7,doi,200 ok,,"Salas, L.A., Zhang, Z., Koestler, D.C. et al. Enhanced cell deconvolution of peripheral blood using DNA methylation for high-resolution immune profiling. Nature Communications 13, 761 (2022)."
twelvecelldeconvolutebloodepiccd8nv,twelvecelldeconvolutebloodepiccd8nv,2022,Homo sapiens,dna_methylation,other,purified blood leukocytes,blood_derived,adults,adults,cell-type proportions,cell_composition,,naive CD8+ T cell proportion,EPICv1,,proportion,proportion,compositional; correlate; difference; mean,reference-based constrained deconvolution,untraced,no,Homo sapiens|blood_derived|adults|cell_composition,18,deconvolutebloodepicbcell; deconvolutebloodepiccd4tcell; deconvolutebloodepiccd8tcell; deconvolutebloodepicmonocyte; deconvolutebloodepicneutrophil; deconvolutebloodepicnkcell; twelvecelldeconvolutebloodepicbas; twelvecelldeconvolutebloodepicbmem; twelvecelldeconvolutebloodepicbnv; twelvecelldeconvolutebloodepiccd4mem; twelvecelldeconvolutebloodepiccd4nv; twelvecelldeconvolutebloodepiccd8mem; twelvecelldeconvolutebloodepiceos; twelvecelldeconvolutebloodepicmono; twelvecelldeconvolutebloodepicneu; twelvecelldeconvolutebloodepicnk; twelvecelldeconvolutebloodepictreg,33,18,,,,features not distributed for this clock,,,,https://doi.org/10.1038/s41467-021-27864-7,doi,200 ok,,"Salas, L.A., Zhang, Z., Koestler, D.C. et al. Enhanced cell deconvolution of peripheral blood using DNA methylation for high-resolution immune profiling. Nature Communications 13, 761 (2022)."
twelvecelldeconvolutebloodepiceos,twelvecelldeconvolutebloodepiceos,2022,Homo sapiens,dna_methylation,other,purified blood leukocytes,blood_derived,adults,adults,cell-type proportions,cell_composition,,eosinophil proportion,EPICv1,,proportion,proportion,compositional; correlate; difference; mean,reference-based constrained deconvolution,untraced,no,Homo sapiens|blood_derived|adults|cell_composition,18,deconvolutebloodepicbcell; deconvolutebloodepiccd4tcell; deconvolutebloodepiccd8tcell; deconvolutebloodepicmonocyte; deconvolutebloodepicneutrophil; deconvolutebloodepicnkcell; twelvecelldeconvolutebloodepicbas; twelvecelldeconvolutebloodepicbmem; twelvecelldeconvolutebloodepicbnv; twelvecelldeconvolutebloodepiccd4mem; twelvecelldeconvolutebloodepiccd4nv; twelvecelldeconvolutebloodepiccd8mem; twelvecelldeconvolutebloodepiccd8nv; twelvecelldeconvolutebloodepicmono; twelvecelldeconvolutebloodepicneu; twelvecelldeconvolutebloodepicnk; twelvecelldeconvolutebloodepictreg,33,18,,,,features not distributed for this clock,,,,https://doi.org/10.1038/s41467-021-27864-7,doi,200 ok,,"Salas, L.A., Zhang, Z., Koestler, D.C. et al. Enhanced cell deconvolution of peripheral blood using DNA methylation for high-resolution immune profiling. Nature Communications 13, 761 (2022)."
twelvecelldeconvolutebloodepicmono,twelvecelldeconvolutebloodepicmono,2022,Homo sapiens,dna_methylation,other,purified blood leukocytes,blood_derived,adults,adults,cell-type proportions,cell_composition,,monocyte proportion,EPICv1,,proportion,proportion,compositional; correlate; difference; mean,reference-based constrained deconvolution,untraced,no,Homo sapiens|blood_derived|adults|cell_composition,18,deconvolutebloodepicbcell; deconvolutebloodepiccd4tcell; deconvolutebloodepiccd8tcell; deconvolutebloodepicmonocyte; deconvolutebloodepicneutrophil; deconvolutebloodepicnkcell; twelvecelldeconvolutebloodepicbas; twelvecelldeconvolutebloodepicbmem; twelvecelldeconvolutebloodepicbnv; twelvecelldeconvolutebloodepiccd4mem; twelvecelldeconvolutebloodepiccd4nv; twelvecelldeconvolutebloodepiccd8mem; twelvecelldeconvolutebloodepiccd8nv; twelvecelldeconvolutebloodepiceos; twelvecelldeconvolutebloodepicneu; twelvecelldeconvolutebloodepicnk; twelvecelldeconvolutebloodepictreg,33,18,,,,features not distributed for this clock,,,,https://doi.org/10.1038/s41467-021-27864-7,doi,200 ok,,"Salas, L.A., Zhang, Z., Koestler, D.C. et al. Enhanced cell deconvolution of peripheral blood using DNA methylation for high-resolution immune profiling. Nature Communications 13, 761 (2022)."
twelvecelldeconvolutebloodepicneu,twelvecelldeconvolutebloodepicneu,2022,Homo sapiens,dna_methylation,other,purified blood leukocytes,blood_derived,adults,adults,cell-type proportions,cell_composition,,neutrophil proportion,EPICv1,,proportion,proportion,compositional; correlate; difference; mean,reference-based constrained deconvolution,untraced,no,Homo sapiens|blood_derived|adults|cell_composition,18,deconvolutebloodepicbcell; deconvolutebloodepiccd4tcell; deconvolutebloodepiccd8tcell; deconvolutebloodepicmonocyte; deconvolutebloodepicneutrophil; deconvolutebloodepicnkcell; twelvecelldeconvolutebloodepicbas; twelvecelldeconvolutebloodepicbmem; twelvecelldeconvolutebloodepicbnv; twelvecelldeconvolutebloodepiccd4mem; twelvecelldeconvolutebloodepiccd4nv; twelvecelldeconvolutebloodepiccd8mem; twelvecelldeconvolutebloodepiccd8nv; twelvecelldeconvolutebloodepiceos; twelvecelldeconvolutebloodepicmono; twelvecelldeconvolutebloodepicnk; twelvecelldeconvolutebloodepictreg,33,18,,,,features not distributed for this clock,,,,https://doi.org/10.1038/s41467-021-27864-7,doi,200 ok,,"Salas, L.A., Zhang, Z., Koestler, D.C. et al. Enhanced cell deconvolution of peripheral blood using DNA methylation for high-resolution immune profiling. Nature Communications 13, 761 (2022)."
twelvecelldeconvolutebloodepicnk,twelvecelldeconvolutebloodepicnk,2022,Homo sapiens,dna_methylation,other,purified blood leukocytes,blood_derived,adults,adults,cell-type proportions,cell_composition,,natural killer cell proportion,EPICv1,,proportion,proportion,compositional; correlate; difference; mean,reference-based constrained deconvolution,untraced,no,Homo sapiens|blood_derived|adults|cell_composition,18,deconvolutebloodepicbcell; deconvolutebloodepiccd4tcell; deconvolutebloodepiccd8tcell; deconvolutebloodepicmonocyte; deconvolutebloodepicneutrophil; deconvolutebloodepicnkcell; twelvecelldeconvolutebloodepicbas; twelvecelldeconvolutebloodepicbmem; twelvecelldeconvolutebloodepicbnv; twelvecelldeconvolutebloodepiccd4mem; twelvecelldeconvolutebloodepiccd4nv; twelvecelldeconvolutebloodepiccd8mem; twelvecelldeconvolutebloodepiccd8nv; twelvecelldeconvolutebloodepiceos; twelvecelldeconvolutebloodepicmono; twelvecelldeconvolutebloodepicneu; twelvecelldeconvolutebloodepictreg,33,18,,,,features not distributed for this clock,,,,https://doi.org/10.1038/s41467-021-27864-7,doi,200 ok,,"Salas, L.A., Zhang, Z., Koestler, D.C. et al. Enhanced cell deconvolution of peripheral blood using DNA methylation for high-resolution immune profiling. Nature Communications 13, 761 (2022)."
twelvecelldeconvolutebloodepictreg,twelvecelldeconvolutebloodepictreg,2022,Homo sapiens,dna_methylation,other,purified blood leukocytes,blood_derived,adults,adults,cell-type proportions,cell_composition,,regulatory T-cell proportion,EPICv1,,proportion,proportion,compositional; correlate; difference; mean,reference-based constrained deconvolution,untraced,no,Homo sapiens|blood_derived|adults|cell_composition,18,deconvolutebloodepicbcell; deconvolutebloodepiccd4tcell; deconvolutebloodepiccd8tcell; deconvolutebloodepicmonocyte; deconvolutebloodepicneutrophil; deconvolutebloodepicnkcell; twelvecelldeconvolutebloodepicbas; twelvecelldeconvolutebloodepicbmem; twelvecelldeconvolutebloodepicbnv; twelvecelldeconvolutebloodepiccd4mem; twelvecelldeconvolutebloodepiccd4nv; twelvecelldeconvolutebloodepiccd8mem; twelvecelldeconvolutebloodepiccd8nv; twelvecelldeconvolutebloodepiceos; twelvecelldeconvolutebloodepicmono; twelvecelldeconvolutebloodepicneu; twelvecelldeconvolutebloodepicnk,33,18,,,,features not distributed for this clock,,,,https://doi.org/10.1038/s41467-021-27864-7,doi,200 ok,,"Salas, L.A., Zhang, Z., Koestler, D.C. et al. Enhanced cell deconvolution of peripheral blood using DNA methylation for high-resolution immune profiling. Nature Communications 13, 761 (2022)."
bohlin,bohlin,2016,Homo sapiens,dna_methylation,other,cord blood,blood_derived,newborns,perinatal,gestational age,chronological_age,,gestational age,450K,,weeks,gestational_weeks,acceleration; correlate; difference; mean; residual,LASSO regression,untraced,no,Homo sapiens|blood_derived|perinatal|chronological_age,3,epicga; knight,33,62,,,,features not distributed for this clock,biolearn; methylcipher,https://github.com/bio-learn/biolearn; https://github.com/HigginsChenLab/methylCIPHER,,https://doi.org/10.1186/s13059-016-1063-4,doi,200 ok,,"Bohlin, J., Håberg, S. E., Magnus, P. et al. Prediction of gestational age based on genome-wide differentially methylated regions. Genome Biology 17, 207 (2016)."
epicga,epicga,2021,Homo sapiens,dna_methylation,other,cord blood,blood_derived,newborns,perinatal,gestational age,chronological_age,,gestational age,EPICv1,,days,gestational_weeks,acceleration; correlate; difference; mean; residual,LASSO regression,untraced,no,Homo sapiens|blood_derived|perinatal|chronological_age,3,bohlin; knight,33,62,,,,features not distributed for this clock,,,,https://doi.org/10.1186/s13148-021-01055-z,doi,200 ok,,"Haftorn, K. L. et al. An EPIC predictor of gestational age and its application to newborns conceived by assisted reproductive technologies. Clinical Epigenetics 13, 82 (2021)."
kdm,Klemera-Doubal method biological age,2006,Homo sapiens,clinical_chemistry,second,blood,blood_derived,adults,adults,chronological age,chronological_age,,biological age,clinical laboratory assays,,years,age_years,acceleration; correlate; difference; mean; residual,clinical_formula,bundled,no,Homo sapiens|blood_derived|adults|chronological_age,4,stoch; stocp; stocz,33,62,,,,features not distributed for this clock,,,,https://doi.org/10.1016/j.mad.2005.10.004,doi,200 ok,,"Klemera, P. and Doubal, S. ""A new approach to the concept and computation of biological age."" Mechanisms of Ageing and Development 127.3 (2006): 240-248."
knight,knight,2016,Homo sapiens,dna_methylation,other,cord blood; neonatal blood spots,blood_derived,newborns,perinatal,gestational age,chronological_age,,gestational age,27K; 450K,148,weeks,gestational_weeks,acceleration; correlate; difference; mean; residual,elastic net regression,bundled,yes,Homo sapiens|blood_derived|perinatal|chronological_age,3,bohlin; epicga,33,62,lin,0.0165,4,,biolearn; methylcipher,https://github.com/bio-learn/biolearn; https://github.com/HigginsChenLab/methylCIPHER,,https://doi.org/10.1186/s13059-016-1068-z,doi,200 ok,,"Knight, A. K., et al. ""An epigenetic clock for gestational age at birth based on blood methylation data."" Genome Biology 17 (2016): 206."
mammalianblood2,mammalianblood2,2023,multiple species,dna_methylation,other,blood,blood_derived,multiple mammalian species,non_human,relative age,chronological_age,,chronological age,Horvath MammalMethylChip40,,years,age_years,acceleration; correlate; difference; mean; residual,elastic net regression,untraced,no,multiple species|blood_derived|non_human|chronological_age,2,mammalianblood3,33,62,,,,features not distributed for this clock,,,,https://doi.org/10.1038/s43587-023-00462-6,doi,200 ok,,"Lu, A. T., et al. ""Universal DNA methylation age across mammalian tissues."" Nature Aging 3.9 (2023): 1144-1166."
mammalianblood3,mammalianblood3,2023,multiple species,dna_methylation,first,blood,blood_derived,multiple mammalian species,non_human,chronological age,chronological_age,,chronological age,Horvath MammalMethylChip40,,years,age_years,acceleration; correlate; difference; mean; residual,elastic net regression,untraced,no,multiple species|blood_derived|non_human|chronological_age,2,mammalianblood2,33,62,,,,features not distributed for this clock,,,,https://doi.org/10.1038/s43587-023-00462-6,doi,200 ok,,"Lu, A. T., et al. ""Universal DNA methylation age across mammalian tissues."" Nature Aging 3.9 (2023): 1144-1166."
stoch,stoch,2024,Homo sapiens,dna_methylation,first,sorted monocytes,blood_derived,adults,adults,chronological age,chronological_age,Chronological Age,chronological age,450K,,years,age_years,acceleration; correlate; difference; mean; residual,elastic net regression,untraced,no,Homo sapiens|blood_derived|adults|chronological_age,4,kdm; stocp; stocz,33,62,,,,features not distributed for this clock,translage; biolearn,https://www.translage.io; https://github.com/bio-learn/biolearn,,https://doi.org/10.1038/s43587-024-00600-8,doi,200 ok,,"Tong, Huige, et al. ""Quantifying the stochastic component of epigenetic aging."" Nature Aging 4 (2024): 886–901."
stocp,stocp,2024,Homo sapiens,dna_methylation,first,sorted monocytes,blood_derived,adults,adults,chronological age,chronological_age,Mortality,chronological age,450K,,years,age_years,acceleration; correlate; difference; mean; residual,elastic net regression,untraced,no,Homo sapiens|blood_derived|adults|chronological_age,4,kdm; stoch; stocz,33,62,,,,features not distributed for this clock,translage; biolearn,https://www.translage.io; https://github.com/bio-learn/biolearn,,https://doi.org/10.1038/s43587-024-00600-8,doi,200 ok,,"Tong, Huige, et al. ""Quantifying the stochastic component of epigenetic aging."" Nature Aging 4 (2024): 886–901."
stocz,stocz,2024,Homo sapiens,dna_methylation,first,sorted monocytes,blood_derived,adults,adults,chronological age,chronological_age,Chronological Age,chronological age,450K,,years,age_years,acceleration; correlate; difference; mean; residual,elastic net regression,untraced,no,Homo sapiens|blood_derived|adults|chronological_age,4,kdm; stoch; stocp,33,62,,,,features not distributed for this clock,translage; biolearn,https://www.translage.io; https://github.com/bio-learn/biolearn,,https://doi.org/10.1038/s43587-024-00600-8,doi,200 ok,,"Tong, Huige, et al. ""Quantifying the stochastic component of epigenetic aging."" Nature Aging 4 (2024): 886–901."
thompson,thompson,2018,Mus musculus,dna_methylation,first,adipose tissue; blood; cerebellum; brain cortex; heart; kidney; liver; lung; skeletal muscle; spleen,blood_derived,mice,non_human,chronological age,chronological_age,,chronological age,RRBS,,months,age_years,acceleration; correlate; difference; mean; residual,elastic net regression,untraced,no,Mus musculus|blood_derived|non_human|chronological_age,1,,33,62,,,,features not distributed for this clock,,,,https://doi.org/10.18632/aging.101590,doi,403 publisher blocks bots; DOI registered in Crossref,,"Thompson, M. J., Chwiałkowska, K., Rubbi, L. et al. A multi-tissue full lifespan epigenetic clock for mice. Aging (Albany NY) 10, 2832–2854 (2018)."
hepatoxu,hepatoxu,2017,Homo sapiens,dna_methylation,other,plasma cell-free DNA,blood_derived,adults,adults,hepatocellular carcinoma,disease,,hepatocellular carcinoma,targeted bisulfite sequencing,,unitless,relative_score,correlate; rank,feature-selected logistic regression,untraced,no,Homo sapiens|blood_derived|adults|disease,1,,33,5,,,,features not distributed for this clock,biolearn,https://github.com/bio-learn/biolearn,,https://doi.org/10.1038/nmat4997,doi,200 ok,,"Xu, R.-H., et al. “Circulating tumour DNA methylation markers for diagnosis and prognosis of hepatocellular carcinoma.” Nature Materials 16: 1155–1161 (2017)."
epicmithyper,epicmithyper,2020,Homo sapiens,dna_methylation,mitotic,B cells,blood_derived,"human, age unspecified",adults,replicative history,mitotic,,mitotic age,450K; EPICv1,184,proportion,divisions,correlate; difference; mean; rank,mean methylation aggregation,bundled,yes,Homo sapiens|blood_derived|adults|mitotic,2,epicmithypo,33,8,epitoc2,0.0087,3,,,,,https://doi.org/10.1038/s43018-020-00131-2,doi,200 ok,https://github.com/aet21/EpiMitClocks,"Duran-Ferrer, M., et al. ""The proliferative history shapes the DNA methylome of B-cell tumors and predicts clinical outcome."" Nature Cancer 1 (2020): 1066-1081."
epicmithypo,epicmithypo,2020,Homo sapiens,dna_methylation,mitotic,B cells,blood_derived,"human, age unspecified",adults,replicative history,mitotic,,mitotic age,450K; EPICv1,1164,proportion,divisions,correlate; difference; mean; rank,mean methylation aggregation,bundled,yes,Homo sapiens|blood_derived|adults|mitotic,2,epicmithyper,33,8,hypoclock,0.0132,24,,,,,https://doi.org/10.1038/s43018-020-00131-2,doi,200 ok,https://github.com/aet21/EpiMitClocks,"Duran-Ferrer, M., et al. ""The proliferative history shapes the DNA methylome of B-cell tumors and predicts clinical outcome."" Nature Cancer 1 (2020): 1066-1081."
phenoage,phenoage,2018,Homo sapiens,clinical_chemistry,second,blood,blood_derived,adults,adults,mortality,mortality,Mortality,phenotypic age,clinical laboratory assays,10,years,age_years,acceleration; correlate; difference; mean; residual,clinical_formula,bundled,no,Homo sapiens|blood_derived|adults|mortality,1,,33,20,,,,features not distributed for this clock,translage; biolearn; methylcipher,https://www.translage.io; https://github.com/bio-learn/biolearn; https://github.com/HigginsChenLab/methylCIPHER,,https://doi.org/10.18632/aging.101414,doi,403 publisher blocks bots; DOI registered in Crossref,,"Levine, M. E., et al. ""An epigenetic biomarker of aging for lifespan and healthspan."" Aging 10.4 (2018): 573-591."
hd,Homeostatic dysregulation,2013,Homo sapiens,clinical_chemistry,second,blood,blood_derived,adults,adults,distance from a healthy reference,other,,physiological dysregulation,clinical laboratory assays,,mahalanobis distance,relative_score,correlate; rank,clinical_formula,bundled,no,Homo sapiens|blood_derived|adults|other,1,,33,3,,,,features not distributed for this clock,,,"Mahalanobis distance from a healthy young reference population in biomarker space. The reference is part of the definition, not a detail: substituting the sample's own distribution silently changes what is being measured, so a reference cohort is required rather than defaulted.",https://doi.org/10.1016/j.mad.2013.01.004,doi,200 ok,,"Cohen, A. A., et al. ""A novel statistical approach shows evidence for multi-system physiological dysregulation during aging."" Mechanisms of Ageing and Development 134.3-4 (2013): 110-117."
corticalclock,corticalclock,2020,Homo sapiens,dna_methylation,first,brain cortex,brain,"human, age unspecified",adults,chronological age,chronological_age,,chronological age,450K,347,years,age_years,acceleration; correlate; difference; mean; residual,elastic net regression,bundled,yes,Homo sapiens|brain|adults|chronological_age,3,gliasin; neusin,3,62,skinandblood,0.0207,15,,biolearn; methylcipher,https://github.com/bio-learn/biolearn; https://github.com/HigginsChenLab/methylCIPHER,,https://doi.org/10.1093/brain/awaa334,doi,403 publisher blocks bots; DOI registered in Crossref,https://github.com/gemmashireby/CorticalClock,"Shireby, G. L., et al. ""Recalibrating the epigenetic clock: implications for assessing biological age in the human cortex."" Brain 143.12 (2020): 3763-3775."
gliasin,gliasin,2024,Homo sapiens,dna_methylation,first,brain cortex,brain,adults,adults,chronological age,chronological_age,,chronological age,450K,,years,age_years,acceleration; correlate; difference; mean; residual,elastic net regression,untraced,no,Homo sapiens|brain|adults|chronological_age,3,corticalclock; neusin,3,62,,,,features not distributed for this clock,,,,https://doi.org/10.18632/aging.206184,doi,403 publisher blocks bots; DOI registered in Crossref,,"Tong, Huige, et al. ""Cell-type specific epigenetic clocks to quantify biological age at cell-type resolution."" Aging 16 (2024): 14204–14237."
neusin,neusin,2024,Homo sapiens,dna_methylation,first,brain cortex,brain,adults,adults,chronological age,chronological_age,,chronological age,450K,,years,age_years,acceleration; correlate; difference; mean; residual,elastic net regression,untraced,no,Homo sapiens|brain|adults|chronological_age,3,corticalclock; gliasin,3,62,,,,features not distributed for this clock,,,,https://doi.org/10.18632/aging.206184,doi,403 publisher blocks bots; DOI registered in Crossref,,"Tong, Huige, et al. ""Cell-type specific epigenetic clocks to quantify biological age at cell-type resolution."" Aging 16 (2024): 13452–13504."
cellpopage,cellpopage,2024,Homo sapiens,dna_methylation,other,cultured fibroblasts,cell_culture,human cell cultures,cell_culture,cell passage number,mitotic,,cell-population passage age,EPICv1,,passages,relative_score,correlate; rank,elastic net regression,untraced,no,Homo sapiens|cell_culture|cell_culture|mitotic,4,replitali; replitalinorm; sencultureage,4,8,,,,features not distributed for this clock,methylcipher,https://github.com/HigginsChenLab/methylCIPHER,,https://doi.org/10.1186/s13073-024-01349-w,doi,200 ok,,"Lujan, Celia, et al. ""An expedited screening platform for the discovery of anti-ageing compounds in vitro and in vivo."" Genome Medicine 16 (2024): 85."
replitali,replitali,2022,Homo sapiens,dna_methylation,mitotic,cultured primary human cells,cell_culture,human cell cultures,cell_culture,population doublings,mitotic,,replicative history,EPICv1,87,population doublings,divisions,correlate; difference; mean; rank,elastic net regression,bundled,yes,Homo sapiens|cell_culture|cell_culture|mitotic,4,cellpopage; replitalinorm; sencultureage,4,8,leerefinedrobust,0.0021,1,,methylcipher,https://github.com/HigginsChenLab/methylCIPHER,,https://doi.org/10.1038/s41467-022-34268-8,doi,200 ok,https://github.com/aet21/EpiMitClocks,"Endicott, J.L., Nolte, P.A., Shen, H. & Laird, P.W. Cell division drives DNA methylation loss in late-replicating domains in primary human cells. Nature Communications 13, 6659 (2022)."
replitalinorm,replitalinorm,2022,Homo sapiens,dna_methylation,mitotic,cultured fibroblasts,cell_culture,human cell cultures,cell_culture,population doublings,mitotic,,replicative history,EPICv1,,population doublings,divisions,correlate; difference; mean; rank,elastic net regression,untraced,no,Homo sapiens|cell_culture|cell_culture|mitotic,4,cellpopage; replitali; sencultureage,4,8,,,,features not distributed for this clock,,,,https://doi.org/10.1038/s41467-022-34268-8,doi,200 ok,,"Endicott, J.L., Nolte, P.A., Shen, H. & Laird, P.W. Cell division drives DNA methylation loss in late-replicating domains in primary human cells. Nature Communications 13, 6659 (2022)."
sencultureage,sencultureage,2026,Homo sapiens,dna_methylation,other,cultured fibroblasts; cultured mesenchymal stromal cells,cell_culture,human cell cultures,cell_culture,cellular senescence,mitotic,,cellular senescence,450K; EPICv1,,log odds,relative_score,correlate; rank,elastic net logistic regression,untraced,no,Homo sapiens|cell_culture|cell_culture|mitotic,4,cellpopage; replitali; replitalinorm,4,8,,,,features not distributed for this clock,,,,https://doi.org/10.1111/acel.70430,doi,403 publisher blocks bots; DOI registered in Crossref,,"Kasamoto, K., Gibson, J., Moqri, M., Smith, R. & Higgins-Chen, A.T. DNA methylation signatures of cellular senescence are not reversed by senolytic treatment. Aging Cell 25, e70430 (2026)."
altumage,altumage,2022,Homo sapiens,dna_methylation,first,multi-tissue,multi_tissue,all ages,all_ages,chronological age,chronological_age,,chronological age,27K; 450K,20318,years,age_years,acceleration; correlate; difference; mean; residual,deep neural network,bundled,yes,Homo sapiens|multi_tissue|all_ages|chronological_age,8,epitoc1; horvath2013; intrinclock; pipekelasticnet; pipekfilteredh; pipekretrainedh; stemtoc,22,62,,,,features not distributed for this clock,biolearn,https://github.com/bio-learn/biolearn,,https://doi.org/10.1038/s41514-022-00085-y,doi,200 ok,https://github.com/rsinghlab/AltumAge,"de Lima Camillo, L.P., Lapierre, L.R. & Singh, R. A pan-tissue DNA-methylation epigenetic clock based on deep learning. npj Aging 8, 4 (2022)."
ensembleagehumanmouse,ensembleagehumanmouse,2025,Homo sapiens and Mus musculus,dna_methylation,other,multi-tissue; whole blood,multi_tissue,humans and mice,non_human,relative age,chronological_age,,relative age,mammalian methylation array,,relative age,relative_score,correlate; rank,elastic net regression,untraced,no,Homo sapiens and Mus musculus|multi_tissue|non_human|chronological_age,1,,22,62,,,,features not distributed for this clock,,,,https://doi.org/10.1007/s11357-025-01808-1,doi,200 ok,,"Haghani, A. et al. EnsembleAge: enhancing epigenetic age assessment with a multi-clock framework. GeroScience 48, 2873-2886 (2025)."
epitoc1,epitoc1,2016,Homo sapiens,dna_methylation,mitotic,multi-tissue; whole blood,multi_tissue,all ages,all_ages,chronological age,chronological_age,,mitotic age,450K,385,beta value,divisions,correlate; difference; mean; rank,mean methylation aggregation,bundled,yes,Homo sapiens|multi_tissue|all_ages|chronological_age,8,altumage; horvath2013; intrinclock; pipekelasticnet; pipekfilteredh; pipekretrainedh; stemtoc,22,62,epitoc2,0.4234,163,,biolearn; methylcipher,https://github.com/bio-learn/biolearn; https://github.com/HigginsChenLab/methylCIPHER,,https://doi.org/10.1186/s13059-016-1064-3,doi,200 ok,https://doi.org/10.5281/zenodo.2632938,"Yang, Zhen, et al. ""Correlation of an epigenetic mitotic clock with cancer risk."" Genome Biology 17 (2016): 205."
horvath2013,horvath2013,2013,Homo sapiens,dna_methylation,first,multi-tissue,multi_tissue,all ages,all_ages,chronological age,chronological_age,Chronological Age,chronological age,27K; 450K,353,years,age_years,acceleration; correlate; difference; mean; residual,elastic net regression,bundled,yes,Homo sapiens|multi_tissue|all_ages|chronological_age,8,altumage; epitoc1; intrinclock; pipekelasticnet; pipekfilteredh; pipekretrainedh; stemtoc,22,62,skinandblood,0.0877,60,,translage; biolearn; methylcipher,https://www.translage.io; https://github.com/bio-learn/biolearn; https://github.com/HigginsChenLab/methylCIPHER,,https://doi.org/10.1186/gb-2013-14-10-r115,doi,200 ok,,"Horvath, S. DNA methylation age of human tissues and cell types. Genome Biology 14, R115 (2013)."
intrinclock,intrinclock,2024,Homo sapiens,dna_methylation,first,multi-tissue,multi_tissue,all ages,all_ages,chronological age,chronological_age,Chronological Age,chronological age,450K; EPICv1,,years,age_years,acceleration; correlate; difference; mean; residual,two-stage elastic net regression,untraced,no,Homo sapiens|multi_tissue|all_ages|chronological_age,8,altumage; epitoc1; horvath2013; pipekelasticnet; pipekfilteredh; pipekretrainedh; stemtoc,22,62,,,,features not distributed for this clock,translage; methylcipher,https://www.translage.io; https://github.com/HigginsChenLab/methylCIPHER,,https://doi.org/10.1038/s42003-024-06609-4,doi,200 ok,,"Tomusiak, A., et al. “Development of an epigenetic clock resistant to changes in immune cell composition.” Communications Biology 7, 934 (2024)."
mammalian1,mammalian1,2023,multiple species,dna_methylation,first,multi-tissue,multi_tissue,multiple mammalian species,non_human,chronological age,chronological_age,,chronological age,Horvath MammalMethylChip40,,years,age_years,acceleration; correlate; difference; mean; residual,elastic net regression,untraced,no,multiple species|multi_tissue|non_human|chronological_age,3,mammalian2; mammalian3,22,62,,,,features not distributed for this clock,,,,https://doi.org/10.1038/s43587-023-00462-6,doi,200 ok,,"Lu, A. T., et al. ""Universal DNA methylation age across mammalian tissues."" Nature Aging 3.9 (2023): 1144-1166."
mammalian2,mammalian2,2023,multiple species,dna_methylation,other,multi-tissue,multi_tissue,multiple mammalian species,non_human,relative age,chronological_age,,chronological age,Horvath MammalMethylChip40,,years,age_years,acceleration; correlate; difference; mean; residual,elastic net regression,untraced,no,multiple species|multi_tissue|non_human|chronological_age,3,mammalian1; mammalian3,22,62,,,,features not distributed for this clock,,,,https://doi.org/10.1038/s43587-023-00462-6,doi,200 ok,,"Lu, A. T., et al. ""Universal DNA methylation age across mammalian tissues."" Nature Aging 3.9 (2023): 1144-1166."
mammalian3,mammalian3,2023,multiple species,dna_methylation,first,multi-tissue,multi_tissue,multiple mammalian species,non_human,chronological age,chronological_age,,chronological age,Horvath MammalMethylChip40,,years,age_years,acceleration; correlate; difference; mean; residual,elastic net regression,untraced,no,multiple species|multi_tissue|non_human|chronological_age,3,mammalian1; mammalian2,22,62,,,,features not distributed for this clock,,,,https://doi.org/10.1038/s43587-023-00462-6,doi,200 ok,,"Lu, A. T., et al. ""Universal DNA methylation age across mammalian tissues."" Nature Aging 3.9 (2023): 1144-1166."
meer,meer,2018,Mus musculus,dna_methylation,first,multi-tissue,multi_tissue,mice,non_human,chronological age,chronological_age,,chronological age,RRBS,435,days,age_years,acceleration; correlate; difference; mean; residual,elastic net regression,bundled,yes,Mus musculus|multi_tissue|non_human|chronological_age,2,stubbs,22,62,,0,0,,,,,https://doi.org/10.7554/elife.40675,doi,200 ok,https://doi.org/10.7554/eLife.40675,"Meer, M. V., Podolskiy, D. I., Tyshkovskiy, A. & Gladyshev, V. N. A whole lifespan mouse multi-tissue DNA methylation clock. eLife 7, e40675 (2018)."
pipekelasticnet,pipekelasticnet,2022,Homo sapiens,dna_methylation,first,multi-tissue,multi_tissue,all ages,all_ages,chronological age,chronological_age,,chronological age,27K; 450K; EPICv1,,years,age_years,acceleration; correlate; difference; mean; residual,elastic net regression,untraced,no,Homo sapiens|multi_tissue|all_ages|chronological_age,8,altumage; epitoc1; horvath2013; intrinclock; pipekfilteredh; pipekretrainedh; stemtoc,22,62,,,,features not distributed for this clock,,,,https://doi.org/10.1007/s10910-022-01381-4,doi,200 ok,,"Pipek, Orsolya Anna, and István Csabai. ""A revised multi-tissue, multi-platform epigenetic clock model for methylation array data."" Journal of Mathematical Chemistry 61 (2023): 376–388."
pipekfilteredh,pipekfilteredh,2022,Homo sapiens,dna_methylation,first,multi-tissue,multi_tissue,all ages,all_ages,chronological age,chronological_age,,chronological age,27K; 450K; EPICv1,,years,age_years,acceleration; correlate; difference; mean; residual,elastic net regression,untraced,no,Homo sapiens|multi_tissue|all_ages|chronological_age,8,altumage; epitoc1; horvath2013; intrinclock; pipekelasticnet; pipekretrainedh; stemtoc,22,62,,,,features not distributed for this clock,,,,https://doi.org/10.1007/s10910-022-01381-4,doi,200 ok,,"Pipek, Orsolya Anna, and István Csabai. ""A revised multi-tissue, multi-platform epigenetic clock model for methylation array data."" Journal of Mathematical Chemistry 61 (2023): 376–388."
pipekretrainedh,pipekretrainedh,2022,Homo sapiens,dna_methylation,first,multi-tissue,multi_tissue,all ages,all_ages,chronological age,chronological_age,,chronological age,27K; 450K; EPICv1,,years,age_years,acceleration; correlate; difference; mean; residual,linear regression,untraced,no,Homo sapiens|multi_tissue|all_ages|chronological_age,8,altumage; epitoc1; horvath2013; intrinclock; pipekelasticnet; pipekfilteredh; stemtoc,22,62,,,,features not distributed for this clock,,,,https://doi.org/10.1007/s10910-022-01381-4,doi,200 ok,,"Pipek, Orsolya Anna, and István Csabai. ""A revised multi-tissue, multi-platform epigenetic clock model for methylation array data."" Journal of Mathematical Chemistry 61 (2023): 376–388."
stemtoc,stemtoc,2024,Homo sapiens,dna_methylation,mitotic,multi-tissue; cultured human cells; whole blood,multi_tissue,all ages,all_ages,population doublings; chronological age,chronological_age,,mitotic age,450K; EPICv1,371,beta value,divisions,correlate; difference; mean; rank,95th-percentile methylation aggregation,bundled,yes,Homo sapiens|multi_tissue|all_ages|chronological_age,8,altumage; epitoc1; horvath2013; intrinclock; pipekelasticnet; pipekfilteredh; pipekretrainedh,22,62,stemtocvitro,0.5898,371,,,,,https://doi.org/10.1038/s41467-024-48649-8,doi,200 ok,https://github.com/aet21/EpiMitClocks,"Zhu, Tianlei, et al. ""An improved epigenetic counter to track mitotic age in cells."" Nature Communications 15 (2024): 4211."
stubbs,stubbs,2017,Mus musculus,dna_methylation,first,multi-tissue; liver; lung; heart; brain cortex; skeletal muscle; cerebellum; spleen,multi_tissue,mice,non_human,chronological age,chronological_age,,chronological age,RRBS,,months,age_years,acceleration; correlate; difference; mean; residual,quadratically calibrated elastic net regression,untraced,no,Mus musculus|multi_tissue|non_human|chronological_age,2,meer,22,62,,,,features not distributed for this clock,,,,https://doi.org/10.1186/s13059-017-1203-5,doi,200 ok,,"Stubbs, T. M., et al. “Multi-tissue DNA methylation age predictor in mouse.” Genome Biology 18: 68 (2017)."
pchorvath2013,pchorvath2013,2022,Homo sapiens,dna_methylation,other,multi-tissue,multi_tissue,all ages,all_ages,Horvath clock output,clock_output,,chronological age,450K; EPICv1,,years,age_years,acceleration; correlate; difference; mean; residual,PCA + elastic net regression,untraced,no,Homo sapiens|multi_tissue|all_ages|clock_output,1,,22,5,,,,features not distributed for this clock,,,,https://doi.org/10.1038/s43587-022-00248-2,doi,200 ok,,"Higgins-Chen, Albert T., et al. ""A computational solution for bolstering reliability of epigenetic clocks: implications for clinical trials and longitudinal tracking."" Nature Aging 2 (2022): 644–661."
epitoc3,epitoc3,2020,Homo sapiens,dna_methylation,mitotic,cultured primary human cells; whole blood; multi-tissue; cord blood,multi_tissue,all ages,all_ages,population doublings,mitotic,,mitotic age,450K; EPICv1,170,cell divisions per stem cell,divisions,correlate; difference; mean; rank,dynamic methylation transmission model,bundled,yes,Homo sapiens|multi_tissue|all_ages|mitotic,1,,22,8,stemtoc,0.4582,170,,,,,https://doi.org/10.1186/s13073-020-00752-3,doi,200 ok,https://github.com/aet21/EpiMitClocks,"Teschendorff, Andrew E. ""A comparison of epigenetic mitotic-like clocks for cancer risk prediction."" Genome Medicine 12 (2020): 56."
stemtocvitro,stemtocvitro,2024,Homo sapiens,dna_methylation,mitotic,multi-tissue; cultured human cells,multi_tissue,prenatal and newborn,perinatal,population doublings,mitotic,,mitotic age,450K; EPICv1,629,beta value,divisions,correlate; difference; mean; rank,95th-percentile methylation aggregation,bundled,yes,Homo sapiens|multi_tissue|perinatal|mitotic,1,,22,8,stemtoc,0.5898,371,,,,,https://doi.org/10.1038/s41467-024-48649-8,doi,200 ok,https://github.com/aet21/EpiMitClocks,"Zhu, Tianlei, et al. ""An improved epigenetic counter to track mitotic age in cells."" Nature Communications 15 (2024): 4211."
mammalianlifespan,mammalianlifespan,2024,multiple species,dna_methylation,other,multi-tissue,multi_tissue,multiple mammalian species,non_human,species maximum lifespan,mortality,,species maximum lifespan,Horvath MammalMethylChip40,,years,age_years,acceleration; correlate; difference; mean; residual,elastic net regression,untraced,no,multiple species|multi_tissue|non_human|mortality,1,,22,20,,,,features not distributed for this clock,,,,https://doi.org/10.1126/sciadv.adm7273,doi,403 publisher blocks bots; DOI registered in Crossref,,"Li, Caesar Z., et al. ""Epigenetic predictors of species maximum life span and other life-history traits in mammals."" Science Advances 10.23 (2024): eadm7273."
ensembleagestatic,ensembleagestatic,2025,Mus musculus,dna_methylation,other,multi-tissue,multi_tissue,mice,non_human,intervention-responsive epigenetic age,other,,intervention-responsive epigenetic age,Horvath MammalMethylChip40; Horvath MammalMethylChip320,,years,age_years,acceleration; correlate; difference; mean; residual,elastic net regression,untraced,no,Mus musculus|multi_tissue|non_human|other,2,ensembleagestatictop,22,3,,,,features not distributed for this clock,,,,https://doi.org/10.1007/s11357-025-01808-1,doi,200 ok,,"Haghani, A. et al. EnsembleAge: enhancing epigenetic age assessment with a multi-clock framework. GeroScience 48, 2873-2886 (2025)."
ensembleagestatictop,ensembleagestatictop,2025,Mus musculus,dna_methylation,other,multi-tissue,multi_tissue,mice,non_human,intervention-responsive epigenetic age,other,,intervention-responsive epigenetic age,Horvath MammalMethylChip40; Horvath MammalMethylChip320,,years,age_years,acceleration; correlate; difference; mean; residual,elastic net regression,untraced,no,Mus musculus|multi_tissue|non_human|other,2,ensembleagestatic,22,3,,,,features not distributed for this clock,,,,https://doi.org/10.1007/s11357-025-01808-1,doi,200 ok,,"Haghani, A. et al. EnsembleAge: enhancing epigenetic age assessment with a multi-clock framework. GeroScience 48, 2873-2886 (2025)."
mammalianfemale,mammalianfemale,2023,multiple species,dna_methylation,other,multi-tissue,multi_tissue,multiple mammalian species,non_human,sex,sex_or_chromosome,,sex,mammalian methylation array,,probability,relative_score,correlate; rank,elastic net regression,untraced,no,multiple species|multi_tissue|non_human|sex_or_chromosome,1,,22,4,,,,features not distributed for this clock,,,,https://doi.org/10.1101/2023.11.02.565286,doi,200 ok,,"Li, Caesar Z., et al. ""Epigenetic predictors of species maximum life span and other life-history traits in mammals."" bioRxiv (2023)."
hypoclock,hypoclock,2020,Homo sapiens,dna_methylation,mitotic,multi-tissue,multi_tissue,"human, age unspecified",adults,not applicable,unstated,,mitotic age,450K,678,beta value,divisions,correlate; difference; mean; rank,mean aggregation,bundled,yes,Homo sapiens|multi_tissue|adults|unstated,1,,22,3,epicmithypo,0.0132,24,,methylcipher,https://github.com/HigginsChenLab/methylCIPHER,,https://doi.org/10.1186/s13073-020-00752-3,doi,200 ok,https://doi.org/10.5281/zenodo.2632938,"Teschendorff, Andrew E. ""A comparison of epigenetic mitotic-like clocks for cancer risk prediction."" Genome Medicine 12 (2020): 56."
bocklandt,bocklandt,2011,Homo sapiens,dna_methylation,first,saliva,other_tissue,adults,adults,chronological age,chronological_age,,EDARADD methylation,27K,,beta value,relative_score,correlate; rank,single-CpG score,untraced,no,Homo sapiens|other_tissue|adults|chronological_age,3,ctsliver; hep,8,62,,,,features not distributed for this clock,biolearn; methylcipher,https://github.com/bio-learn/biolearn; https://github.com/HigginsChenLab/methylCIPHER,,https://doi.org/10.1371/journal.pone.0014821,doi,200 ok,https://doi.org/10.1371/journal.pone.0014821,"Bocklandt, S., Lin, W., Sehl, M.E. et al. Epigenetic predictor of age. PLoS ONE 6, e14821 (2011)."
ctsliver,ctsliver,2024,Homo sapiens,dna_methylation,first,liver,other_tissue,adults,adults,chronological age,chronological_age,,chronological age,EPICv1,,years,age_years,acceleration; correlate; difference; mean; residual,LASSO regression,untraced,no,Homo sapiens|other_tissue|adults|chronological_age,3,bocklandt; hep,8,62,,,,features not distributed for this clock,,,,https://doi.org/10.18632/aging.206184,doi,403 publisher blocks bots; DOI registered in Crossref,,"Tong, Huige, et al. ""Cell-type specific epigenetic clocks to quantify biological age at cell-type resolution."" Aging 16 (2024): 14204–14237."
hep,hep,2024,Homo sapiens,dna_methylation,first,liver,other_tissue,adults,adults,chronological age,chronological_age,,chronological age,EPICv1,,years,age_years,acceleration; correlate; difference; mean; residual,LASSO regression,untraced,no,Homo sapiens|other_tissue|adults|chronological_age,3,bocklandt; ctsliver,8,62,,,,features not distributed for this clock,,,,https://doi.org/10.18632/aging.206184,doi,403 publisher blocks bots; DOI registered in Crossref,,"Tong, Huige, et al. ""Cell-type specific epigenetic clocks to quantify biological age at cell-type resolution."" Aging 16 (2024): 14204–14237."
mammalianskin2,mammalianskin2,2023,multiple species,dna_methylation,other,skin,other_tissue,multiple mammalian species,non_human,relative age,chronological_age,,chronological age,Horvath MammalMethylChip40,,years,age_years,acceleration; correlate; difference; mean; residual,elastic net regression,untraced,no,multiple species|other_tissue|non_human|chronological_age,2,mammalianskin3,8,62,,,,features not distributed for this clock,,,,https://doi.org/10.1038/s43587-023-00462-6,doi,200 ok,,"Lu, A. T., et al. ""Universal DNA methylation age across mammalian tissues."" Nature Aging 3.9 (2023): 1144-1166."
mammalianskin3,mammalianskin3,2023,multiple species,dna_methylation,first,skin,other_tissue,multiple mammalian species,non_human,chronological age,chronological_age,,chronological age,Horvath MammalMethylChip40,,years,age_years,acceleration; correlate; difference; mean; residual,elastic net regression,untraced,no,multiple species|other_tissue|non_human|chronological_age,2,mammalianskin2,8,62,,,,features not distributed for this clock,,,,https://doi.org/10.1038/s43587-023-00462-6,doi,200 ok,,"Lu, A. T., et al. ""Universal DNA methylation age across mammalian tissues."" Nature Aging 3.9 (2023): 1144-1166."
pedbe,pedbe,2020,Homo sapiens,dna_methylation,first,buccal epithelium,other_tissue,children and adolescents,children,chronological age,chronological_age,,chronological age,450K; EPICv1,94,years,age_years,acceleration; correlate; difference; mean; residual,elastic net regression,bundled,yes,Homo sapiens|other_tissue|children|chronological_age,1,,8,62,skinandblood,0.0254,12,,biolearn; methylcipher,https://github.com/bio-learn/biolearn; https://github.com/HigginsChenLab/methylCIPHER,,https://doi.org/10.1073/pnas.1820843116,doi,403 publisher blocks bots; DOI registered in Crossref,,"McEwen, Lisa M., et al. ""The PedBE clock accurately estimates DNA methylation age in pediatric buccal cells."" Proceedings of the National Academy of Sciences 117 (2020): 23329–23335."
prostatecancerkirby,prostatecancerkirby,2017,Homo sapiens,dna_methylation,other,prostate,other_tissue,adult men,adults,prostate cancer,disease,,prostate cancer,450K,,log odds,relative_score,correlate; rank,logistic regression,untraced,no,Homo sapiens|other_tissue|adults|disease,1,,8,5,,,,features not distributed for this clock,biolearn,https://github.com/bio-learn/biolearn,,https://doi.org/10.1186/s12885-017-3252-2,doi,200 ok,,"Kirby, M. K., et al. “Genome-wide DNA methylation measurements in prostate tissues uncovers novel prostate cancer diagnostic biomarkers and transcription factor binding patterns.” BMC Cancer 17: 273 (2017)."
downsyndrome,downsyndrome,2021,Homo sapiens,dna_methylation,other,neonatal blood spots,other_tissue,newborns,perinatal,not applicable,unstated,,Down syndrome methylation score,EPICv1,,unitless,relative_score,correlate; rank,weighted linear score,untraced,no,Homo sapiens|other_tissue|perinatal|unstated,1,,8,3,,,,features not distributed for this clock,biolearn,https://github.com/bio-learn/biolearn,,https://doi.org/10.1038/s41467-021-21064-z,doi,200 ok,,"Muskens, Ivo S., et al. ""The genome-wide impact of trisomy 21 on DNA methylation and its implications for hematopoiesis."" Nature Communications 12 (2021): 821."
leecontrol,leecontrol,2019,Homo sapiens,dna_methylation,other,placenta,perinatal_tissue,pregnancies,perinatal,gestational age,chronological_age,,gestational age,450K; EPICv1,546,weeks,gestational_weeks,acceleration; correlate; difference; mean; residual,elastic net regression,bundled,yes,Homo sapiens|perinatal_tissue|perinatal|chronological_age,4,leerefinedrobust; leerobust; mayne,4,62,leerobust,0.2199,199,,biolearn; methylcipher,https://github.com/bio-learn/biolearn; https://github.com/HigginsChenLab/methylCIPHER,,https://doi.org/10.18632/aging.102049,doi,403 publisher blocks bots; DOI registered in Crossref,,"Lee, Y., et al. “Placental epigenetic clocks: estimating gestational age using placental DNA methylation levels.” Aging 11(12): 4238–4253 (2019)."
leerefinedrobust,leerefinedrobust,2019,Homo sapiens,dna_methylation,other,placenta,perinatal_tissue,pregnancies,perinatal,gestational age,chronological_age,,gestational age,450K; EPICv1,395,weeks,gestational_weeks,acceleration; correlate; difference; mean; residual,elastic net regression,bundled,yes,Homo sapiens|perinatal_tissue|perinatal|chronological_age,4,leecontrol; leerobust; mayne,4,62,leerobust,0.7079,395,,biolearn; methylcipher,https://github.com/bio-learn/biolearn; https://github.com/HigginsChenLab/methylCIPHER,,https://doi.org/10.18632/aging.102049,doi,403 publisher blocks bots; DOI registered in Crossref,,"Lee, Y., et al. “Placental epigenetic clocks: estimating gestational age using placental DNA methylation levels.” Aging 11(12): 4238–4253 (2019)."
leerobust,leerobust,2019,Homo sapiens,dna_methylation,other,placenta,perinatal_tissue,pregnancies,perinatal,gestational age,chronological_age,,gestational age,450K; EPICv1,558,weeks,gestational_weeks,acceleration; correlate; difference; mean; residual,elastic net regression,bundled,yes,Homo sapiens|perinatal_tissue|perinatal|chronological_age,4,leecontrol; leerefinedrobust; mayne,4,62,leerefinedrobust,0.7079,395,,biolearn; methylcipher,https://github.com/bio-learn/biolearn; https://github.com/HigginsChenLab/methylCIPHER,,https://doi.org/10.18632/aging.102049,doi,403 publisher blocks bots; DOI registered in Crossref,,"Lee, Y., et al. “Placental epigenetic clocks: estimating gestational age using placental DNA methylation levels.” Aging 11(12): 4238–4253 (2019)."
mayne,mayne,2017,Homo sapiens,dna_methylation,other,placenta,perinatal_tissue,pregnancies,perinatal,gestational age,chronological_age,,gestational age,27K; 450K,,weeks,gestational_weeks,acceleration; correlate; difference; mean; residual,elastic net regression,untraced,no,Homo sapiens|perinatal_tissue|perinatal|chronological_age,4,leecontrol; leerefinedrobust; leerobust,4,62,,,,features not distributed for this clock,biolearn; methylcipher,https://github.com/bio-learn/biolearn; https://github.com/HigginsChenLab/methylCIPHER,Placental elastic-net clock trained on pooled healthy human placenta methylation datasets; 62 selected CpGs predict gestational age and were used to test age acceleration in early-onset preeclampsia.,https://doi.org/10.2217/epi-2016-0103,doi,403 publisher blocks bots; DOI registered in Crossref,,"Mayne, Benjamin T., et al. ""Accelerated placental aging in early onset preeclampsia pregnancies identified by DNA methylation."" Epigenomics 9 (2017): 279–289."
abec,abec,2020,Homo sapiens,dna_methylation,first,whole blood,whole_blood,adults,adults,chronological age,chronological_age,,chronological age,EPICv1,,years,age_years,acceleration; correlate; difference; mean; residual,elastic net regression,untraced,no,Homo sapiens|whole_blood|adults|chronological_age,15,cabec; dnamemrage; eabec; epitoc2; hannum; lin; retroclock; senchronoage; systemsageageprediction; vidalbralo; weidner; yingadaptage; yingcausage; yingdamage,101,62,,,,features not distributed for this clock,,,,https://doi.org/10.1186/s12864-020-07168-8,doi,200 ok,,"Lee, Yunsung, et al. ""Blood-based epigenetic estimators of chronological age in human adults using DNA methylation data from the Illumina MethylationEPIC array."" BMC genomics 21 (2020): 1-13."
cabec,cabec,2020,Homo sapiens,dna_methylation,first,whole blood,whole_blood,adults,adults,chronological age,chronological_age,,chronological age,450K; EPICv1,,years,age_years,acceleration; correlate; difference; mean; residual,elastic net regression,untraced,no,Homo sapiens|whole_blood|adults|chronological_age,15,abec; dnamemrage; eabec; epitoc2; hannum; lin; retroclock; senchronoage; systemsageageprediction; vidalbralo; weidner; yingadaptage; yingcausage; yingdamage,101,62,,,,features not distributed for this clock,,,,https://doi.org/10.1186/s12864-020-07168-8,doi,200 ok,,"Lee, Yunsung, et al. ""Blood-based epigenetic estimators of chronological age in human adults using DNA methylation data from the Illumina MethylationEPIC array."" BMC genomics 21 (2020): 1-13."
dnamemrage,dnamemrage,2026,Homo sapiens,dna_methylation,second,whole blood,whole_blood,adults,adults,electronic medical record age,chronological_age,Mortality,electronic medical record age,450K; EPICv1,,years,age_years,acceleration; correlate; difference; mean; residual,elastic net regression,licensed,no,Homo sapiens|whole_blood|adults|chronological_age,15,abec; cabec; eabec; epitoc2; hannum; lin; retroclock; senchronoage; systemsageageprediction; vidalbralo; weidner; yingadaptage; yingcausage; yingdamage,101,62,,,,features not distributed for this clock,translage,https://www.translage.io,,https://doi.org/10.1038/s43587-026-01073-7,doi,200 ok,,"Chen, Q., Dwaraka, V. B., Carreras-Gallo, N., et al. “OMICmAge quantifies biological age by integrating multi-omics with electronic medical records.” Nature Aging (2026)."
eabec,eabec,2020,Homo sapiens,dna_methylation,first,whole blood,whole_blood,adults,adults,chronological age,chronological_age,,chronological age,EPICv1,,years,age_years,acceleration; correlate; difference; mean; residual,elastic net regression,untraced,no,Homo sapiens|whole_blood|adults|chronological_age,15,abec; cabec; dnamemrage; epitoc2; hannum; lin; retroclock; senchronoage; systemsageageprediction; vidalbralo; weidner; yingadaptage; yingcausage; yingdamage,101,62,,,,features not distributed for this clock,,,,https://doi.org/10.1186/s12864-020-07168-8,doi,200 ok,,"Lee, Yunsung, et al. ""Blood-based epigenetic estimators of chronological age in human adults using DNA methylation data from the Illumina MethylationEPIC array."" BMC genomics 21 (2020): 1-13."
encen100,encen100,2023,Homo sapiens,dna_methylation,first,whole blood; saliva; buccal epithelium,whole_blood,centenarians,older_adults,chronological age,chronological_age,,chronological age,450K; EPICv1,,years,age_years,acceleration; correlate; difference; mean; residual,elastic net regression,untraced,no,Homo sapiens|whole_blood|older_adults|chronological_age,2,encen40,101,62,,,,features not distributed for this clock,,,,https://doi.org/10.1007/s11357-023-00731-7,doi,200 ok,,"Dec, Eric, et al. ""Centenarian clocks: epigenetic clocks for validating claims of exceptional longevity."" GeroScience 45 (2023): 1817–1835."
encen40,encen40,2023,Homo sapiens,dna_methylation,first,whole blood; saliva; buccal epithelium,whole_blood,older adults,older_adults,chronological age,chronological_age,,chronological age,450K; EPICv1,,years,age_years,acceleration; correlate; difference; mean; residual,elastic net regression,untraced,no,Homo sapiens|whole_blood|older_adults|chronological_age,2,encen100,101,62,,,,features not distributed for this clock,,,,https://doi.org/10.1007/s11357-023-00731-7,doi,200 ok,,"Dec, Eric, et al. ""Centenarian clocks: epigenetic clocks for validating claims of exceptional longevity."" GeroScience 45 (2023): 1817–1835."
epitoc2,epitoc2,2020,Homo sapiens,dna_methylation,mitotic,whole blood,whole_blood,adults,adults,chronological age,chronological_age,,mitotic age,450K,163,cell divisions per stem cell,divisions,correlate; difference; mean; rank,dynamic methylation transmission model,bundled,yes,Homo sapiens|whole_blood|adults|chronological_age,15,abec; cabec; dnamemrage; eabec; hannum; lin; retroclock; senchronoage; systemsageageprediction; vidalbralo; weidner; yingadaptage; yingcausage; yingdamage,101,62,epitoc1,0.4234,163,,biolearn; methylcipher,https://github.com/bio-learn/biolearn; https://github.com/HigginsChenLab/methylCIPHER,,https://doi.org/10.1186/s13073-020-00752-3,doi,200 ok,https://doi.org/10.5281/zenodo.2632938,"Teschendorff, Andrew E. ""A comparison of epigenetic mitotic-like clocks for cancer risk prediction."" Genome Medicine 12 (2020): 56."
han,han,2020,Homo sapiens,dna_methylation,first,whole blood,whole_blood,all ages,all_ages,chronological age,chronological_age,,chronological age,450K,,years,age_years,acceleration; correlate; difference; mean; residual,linear regression,untraced,no,Homo sapiens|whole_blood|all_ages|chronological_age,6,retroelementagev1; retroelementagev2; skinandblood; zhangblup; zhangen,101,62,,,,features not distributed for this clock,,,,https://doi.org/10.1186/s12915-020-00807-2,doi,200 ok,,"Han, Y., et al. “New targeted approaches for epigenetic age predictions.” BMC Biology 18, 71 (2020)."
hannum,hannum,2013,Homo sapiens,dna_methylation,first,whole blood,whole_blood,adults,adults,chronological age,chronological_age,Chronological Age,chronological age,450K,71,years,age_years,acceleration; correlate; difference; mean; residual,elastic net regression,bundled,yes,Homo sapiens|whole_blood|adults|chronological_age,15,abec; cabec; dnamemrage; eabec; epitoc2; lin; retroclock; senchronoage; systemsageageprediction; vidalbralo; weidner; yingadaptage; yingcausage; yingdamage,101,62,skinandblood,0.1079,45,,translage; biolearn; methylcipher,https://www.translage.io; https://github.com/bio-learn/biolearn; https://github.com/HigginsChenLab/methylCIPHER,,https://doi.org/10.1016/j.molcel.2012.10.016,doi,200 ok,,"Hannum, G., et al. “Genome-wide methylation profiles reveal quantitative views of human aging rates.” Molecular Cell 49(2), 359–367 (2013)."
lin,lin,2016,Homo sapiens,dna_methylation,first,whole blood,whole_blood,adults,adults,chronological age,chronological_age,,chronological age,27K; 450K,99,years,age_years,acceleration; correlate; difference; mean; residual,linear regression,bundled,yes,Homo sapiens|whole_blood|adults|chronological_age,15,abec; cabec; dnamemrage; eabec; epitoc2; hannum; retroclock; senchronoage; systemsageageprediction; vidalbralo; weidner; yingadaptage; yingcausage; yingdamage,101,62,vidalbralo,0.0808,8,,biolearn; methylcipher,https://github.com/bio-learn/biolearn; https://github.com/HigginsChenLab/methylCIPHER,,https://doi.org/10.18632/aging.100908,doi,403 publisher blocks bots; DOI registered in Crossref,,"Lin, Q., et al. “DNA methylation levels at individual age-associated CpG sites can be indicative for life expectancy.” Aging 8(2): 394–401 (2016)."
petkovich,petkovich,2017,Mus musculus,dna_methylation,first,whole blood,whole_blood,mice,non_human,chronological age,chronological_age,,chronological age,bisulfite sequencing,,months,age_years,acceleration; correlate; difference; mean; residual,elastic net regression,untraced,no,Mus musculus|whole_blood|non_human|chronological_age,1,,101,62,,,,features not distributed for this clock,,,,https://doi.org/10.1016/j.cmet.2017.03.016,doi,200 ok,,"Petkovich, Daniel A., et al. ""Using DNA methylation profiling to evaluate biological age and longevity interventions."" Cell metabolism 25.4 (2017): 954-960."
retroclock,retroclock,2025,Homo sapiens,dna_methylation,other,whole blood,whole_blood,adults,adults,retroelement methylation age,chronological_age,Chronological Age,retroelement methylation age,450K; EPICv1,,years,age_years,acceleration; correlate; difference; mean; residual,elastic net regression,licensed,no,Homo sapiens|whole_blood|adults|chronological_age,15,abec; cabec; dnamemrage; eabec; epitoc2; hannum; lin; senchronoage; systemsageageprediction; vidalbralo; weidner; yingadaptage; yingcausage; yingdamage,101,62,,,,features not distributed for this clock,translage,https://www.translage.io,,https://doi.org/10.1038/s41591-026-04562-9,doi,200 ok,,"Sehgal, R., et al. “Responsiveness of epigenetic aging biomarkers to longevity interventions in humans.” Nature Medicine (2026)."
retroelementagev1,retroelementagev1,2024,Homo sapiens,dna_methylation,first,whole blood,whole_blood,all ages,all_ages,chronological age,chronological_age,,chronological age,EPICv1,,years,age_years,acceleration; correlate; difference; mean; residual,elastic net regression,untraced,no,Homo sapiens|whole_blood|all_ages|chronological_age,6,han; retroelementagev2; skinandblood; zhangblup; zhangen,101,62,,,,features not distributed for this clock,,,,https://doi.org/10.1111/acel.14288,doi,403 publisher blocks bots; DOI registered in Crossref,,"Ndhlovu, Lishomwa C., et al. ""Retro-age: A unique epigenetic biomarker of aging captured by DNA methylation states of retroelements."" Aging Cell 23 (2024): e14288."
retroelementagev2,retroelementagev2,2024,Homo sapiens,dna_methylation,first,whole blood,whole_blood,all ages,all_ages,chronological age,chronological_age,,chronological age,EPICv1,,years,age_years,acceleration; correlate; difference; mean; residual,elastic net regression,untraced,no,Homo sapiens|whole_blood|all_ages|chronological_age,6,han; retroelementagev1; skinandblood; zhangblup; zhangen,101,62,,,,features not distributed for this clock,,,,https://doi.org/10.1111/acel.14288,doi,403 publisher blocks bots; DOI registered in Crossref,,"Ndhlovu, Lishomwa C., et al. ""Retro-age: A unique epigenetic biomarker of aging captured by DNA methylation states of retroelements."" Aging Cell 23 (2024): e14288."
senchronoage,senchronoage,2026,Homo sapiens,dna_methylation,first,whole blood,whole_blood,adults,adults,chronological age,chronological_age,,chronological age,450K; EPICv1,,years,age_years,acceleration; correlate; difference; mean; residual,elastic net regression,untraced,no,Homo sapiens|whole_blood|adults|chronological_age,15,abec; cabec; dnamemrage; eabec; epitoc2; hannum; lin; retroclock; systemsageageprediction; vidalbralo; weidner; yingadaptage; yingcausage; yingdamage,101,62,,,,features not distributed for this clock,,,,https://doi.org/10.1111/acel.70430,doi,403 publisher blocks bots; DOI registered in Crossref,,"Kasamoto, K., Gibson, J., Moqri, M., Smith, R. & Higgins-Chen, A.T. DNA methylation signatures of cellular senescence are not reversed by senolytic treatment. Aging Cell 25, e70430 (2026)."
skinandblood,skinandblood,2018,Homo sapiens,dna_methylation,first,buccal epithelium; whole blood; epithelium; cultured fibroblasts; skin; cord blood,whole_blood,all ages,all_ages,chronological age,chronological_age,Chronological Age,chronological age,450K; EPICv1,391,years,age_years,acceleration; correlate; difference; mean; residual,elastic net regression,bundled,yes,Homo sapiens|whole_blood|all_ages|chronological_age,6,han; retroelementagev1; retroelementagev2; zhangblup; zhangen,101,62,hannum,0.1079,45,,translage; biolearn; methylcipher,https://www.translage.io; https://github.com/bio-learn/biolearn; https://github.com/HigginsChenLab/methylCIPHER,,https://doi.org/10.18632/aging.101508,doi,403 publisher blocks bots; DOI registered in Crossref,,"Horvath, S., et al. “Epigenetic clock for skin and blood cells applied to Hutchinson Gilford Progeria Syndrome and ex vivo studies.” Aging 10(7), 1758–1775 (2018)."
systemsageageprediction,systemsageageprediction,2025,Homo sapiens,dna_methylation,other,whole blood,whole_blood,adults,adults,chronological age,chronological_age,,chronological age,450K; EPICv1,,years,age_years,acceleration; correlate; difference; mean; residual,elastic net regression,licensed,no,Homo sapiens|whole_blood|adults|chronological_age,15,abec; cabec; dnamemrage; eabec; epitoc2; hannum; lin; retroclock; senchronoage; vidalbralo; weidner; yingadaptage; yingcausage; yingdamage,101,62,,,,features not distributed for this clock,,,,https://doi.org/10.1038/s43587-025-00958-3,doi,200 ok,,"Sehgal, R., Markov, Y., et al. “Systems Age: a single blood methylation test to quantify aging heterogeneity across 11 physiological systems.” Nature Aging (2025)."
vidalbralo,vidalbralo,2016,Homo sapiens,dna_methylation,first,whole blood,whole_blood,adults,adults,chronological age,chronological_age,,chronological age,27K,8,years,age_years,acceleration; correlate; difference; mean; residual,linear regression,bundled,yes,Homo sapiens|whole_blood|adults|chronological_age,15,abec; cabec; dnamemrage; eabec; epitoc2; hannum; lin; retroclock; senchronoage; systemsageageprediction; weidner; yingadaptage; yingcausage; yingdamage,101,62,weidner,0.2222,2,,biolearn; methylcipher,https://github.com/bio-learn/biolearn; https://github.com/HigginsChenLab/methylCIPHER,,https://doi.org/10.3389/fgene.2016.00126,doi,200 ok,,"Vidal-Bralo, Laura, Yolanda Lopez-Golan, and Antonio Gonzalez. ""Simplified assay for epigenetic age estimation in whole blood of adults."" Frontiers in Genetics 7 (2016): 126."
weidner,weidner,2014,Homo sapiens,dna_methylation,first,whole blood,whole_blood,adults,adults,chronological age,chronological_age,,biological age,27K; bisulfite sequencing,3,years,age_years,acceleration; correlate; difference; mean; residual,linear regression,bundled,yes,Homo sapiens|whole_blood|adults|chronological_age,15,abec; cabec; dnamemrage; eabec; epitoc2; hannum; lin; retroclock; senchronoage; systemsageageprediction; vidalbralo; yingadaptage; yingcausage; yingdamage,101,62,vidalbralo,0.2222,2,,biolearn; methylcipher,https://github.com/bio-learn/biolearn; https://github.com/HigginsChenLab/methylCIPHER,,https://doi.org/10.1186/gb-2014-15-2-r24,doi,200 ok,https://doi.org/10.1186/gb-2014-15-2-r24,"Weidner, C. I., Lin, Q., Koch, C. M., et al. (2014). Aging of blood can be tracked by DNA methylation changes at just three CpG sites. Genome Biology, 15, R24."
wu,wu,2019,Homo sapiens,dna_methylation,first,whole blood,whole_blood,children,children,chronological age,chronological_age,,chronological age,27K; 450K,,years,age_years,acceleration; correlate; difference; mean; residual,screened elastic net regression,untraced,no,Homo sapiens|whole_blood|children|chronological_age,1,,101,62,,,,features not distributed for this clock,,,,https://doi.org/10.18632/aging.102399,doi,403 publisher blocks bots; DOI registered in Crossref,,"Wu, X., et al. “DNA methylation profile is a quantitative measure of biological aging in children.” Aging 11(22): 10031–10051 (2019)."
yingadaptage,yingadaptage,2024,Homo sapiens,dna_methylation,causal,whole blood,whole_blood,adults,adults,chronological age,chronological_age,,adaptive epigenetic age,450K,999,years,age_years_relative,correlate; difference; mean; residual,causality-weighted elastic net regression,bundled,yes,Homo sapiens|whole_blood|adults|chronological_age,15,abec; cabec; dnamemrage; eabec; epitoc2; hannum; lin; retroclock; senchronoage; systemsageageprediction; vidalbralo; weidner; yingcausage; yingdamage,101,62,yingcausage,0.0724,107,,biolearn,https://github.com/bio-learn/biolearn,,https://doi.org/10.1038/s43587-023-00557-0,doi,200 ok,,"Ying, K., Liu, H., Tarkhov, A.E. et al. Causality-enriched epigenetic age uncouples damage and adaptation. Nature Aging 4, 231–246 (2024)."
yingcausage,yingcausage,2024,Homo sapiens,dna_methylation,causal,whole blood,whole_blood,adults,adults,chronological age,chronological_age,,chronological age,450K,585,years,age_years,acceleration; correlate; difference; mean; residual,causality-weighted elastic net regression,bundled,yes,Homo sapiens|whole_blood|adults|chronological_age,15,abec; cabec; dnamemrage; eabec; epitoc2; hannum; lin; retroclock; senchronoage; systemsageageprediction; vidalbralo; weidner; yingadaptage; yingdamage,101,62,yingdamage,0.1175,176,,biolearn,https://github.com/bio-learn/biolearn,,https://doi.org/10.1038/s43587-023-00557-0,doi,200 ok,,"Ying, K., Liu, H., Tarkhov, A.E. et al. Causality-enriched epigenetic age uncouples damage and adaptation. Nature Aging 4, 231–246 (2024)."
yingdamage,yingdamage,2024,Homo sapiens,dna_methylation,causal,whole blood,whole_blood,adults,adults,chronological age,chronological_age,,damaging epigenetic age,450K,1089,years,age_years_relative,correlate; difference; mean; residual,causality-weighted elastic net regression,bundled,yes,Homo sapiens|whole_blood|adults|chronological_age,15,abec; cabec; dnamemrage; eabec; epitoc2; hannum; lin; retroclock; senchronoage; systemsageageprediction; vidalbralo; weidner; yingadaptage; yingcausage,101,62,yingcausage,0.1175,176,,biolearn,https://github.com/bio-learn/biolearn,,https://doi.org/10.1038/s43587-023-00557-0,doi,200 ok,,"Ying, K., Liu, H., Tarkhov, A.E. et al. Causality-enriched epigenetic age uncouples damage and adaptation. Nature Aging 4, 231–246 (2024)."
zhangblup,zhangblup,2019,Homo sapiens,dna_methylation,first,whole blood; saliva,whole_blood,all ages,all_ages,chronological age,chronological_age,,chronological age,450K; EPICv1,319607,years,age_years,acceleration; correlate; difference; mean; residual,best linear unbiased prediction,bundled,yes,Homo sapiens|whole_blood|all_ages|chronological_age,6,han; retroelementagev1; retroelementagev2; skinandblood; zhangen,101,62,yingdamage,0.0027,866,,methylcipher,https://github.com/HigginsChenLab/methylCIPHER,,https://doi.org/10.1186/s13073-019-0667-1,doi,200 ok,,"Zhang, Q., Vallerga, C.L., Walker, R.M. et al. Improved precision of epigenetic clock estimates across tissues and its implication for biological ageing. Genome Medicine 11, 54 (2019)."
zhangen,zhangen,2019,Homo sapiens,dna_methylation,first,whole blood; saliva,whole_blood,all ages,all_ages,chronological age,chronological_age,,chronological age,450K; EPICv1,514,years,age_years,acceleration; correlate; difference; mean; residual,elastic net regression,bundled,yes,Homo sapiens|whole_blood|all_ages|chronological_age,6,han; retroelementagev1; retroelementagev2; skinandblood; zhangblup,101,62,skinandblood,0.0787,66,,methylcipher,https://github.com/HigginsChenLab/methylCIPHER,,https://doi.org/10.1186/s13073-019-0667-1,doi,200 ok,,"Zhang, Q., Vallerga, C.L., Walker, R.M. et al. Improved precision of epigenetic clock estimates across tissues and its implication for biological ageing. Genome Medicine 11, 54 (2019)."
pcdnamtl,pcdnamtl,2022,Homo sapiens,dna_methylation,other,whole blood,whole_blood,adults,adults,DNAmTL output,clock_output,,leukocyte telomere length,450K,,base pairs,telomere_kb,acceleration; correlate; difference; mean,PCA + elastic net regression,untraced,no,Homo sapiens|whole_blood|adults|clock_output,3,pcgrimage; pchannum,101,5,,,,features not distributed for this clock,,,,https://doi.org/10.1038/s43587-022-00248-2,doi,200 ok,,"Higgins-Chen, Albert T., et al. ""A computational solution for bolstering reliability of epigenetic clocks: implications for clinical trials and longitudinal tracking."" Nature Aging 2 (2022): 644–661."
pcgrimage,pcgrimage,2022,Homo sapiens,dna_methylation,second,whole blood,whole_blood,adults,adults,DNAm GrimAge output,clock_output,Mortality,mortality risk,450K,,years,age_years,acceleration; correlate; difference; mean; residual,PCA + elastic net regression,licensed,no,Homo sapiens|whole_blood|adults|clock_output,3,pcdnamtl; pchannum,101,5,,,,features not distributed for this clock,translage,https://www.translage.io,,https://doi.org/10.1038/s43587-022-00248-2,doi,200 ok,,"Higgins-Chen, Albert T., et al. ""A computational solution for bolstering reliability of epigenetic clocks: implications for clinical trials and longitudinal tracking."" Nature Aging 2 (2022): 644–661."
pchannum,pchannum,2022,Homo sapiens,dna_methylation,other,whole blood,whole_blood,adults,adults,Hannum clock output,clock_output,Chronological Age,chronological age,450K,,years,age_years,acceleration; correlate; difference; mean; residual,PCA + elastic net regression,untraced,no,Homo sapiens|whole_blood|adults|clock_output,3,pcdnamtl; pcgrimage,101,5,,,,features not distributed for this clock,translage,https://www.translage.io,,https://doi.org/10.1038/s43587-022-00248-2,doi,200 ok,,"Higgins-Chen, Albert T., et al. ""A computational solution for bolstering reliability of epigenetic clocks: implications for clinical trials and longitudinal tracking."" Nature Aging 2 (2022): 644–661."
pcskinandblood,pcskinandblood,2022,Homo sapiens,dna_methylation,other,skin; whole blood; cultured fibroblasts,whole_blood,all ages,all_ages,skin-and-blood clock output,clock_output,,chronological age,450K; EPICv1,,years,age_years,acceleration; correlate; difference; mean; residual,PCA + elastic net regression,untraced,no,Homo sapiens|whole_blood|all_ages|clock_output,1,,101,5,,,,features not distributed for this clock,,,,https://doi.org/10.1038/s43587-022-00248-2,doi,200 ok,,"Higgins-Chen, Albert T., et al. ""A computational solution for bolstering reliability of epigenetic clocks: implications for clinical trials and longitudinal tracking."" Nature Aging 2 (2022): 644–661."
adbahadosingh,adbahadosingh,2021,Homo sapiens,dna_methylation,other,whole blood,whole_blood,older adults,older_adults,late-onset Alzheimer's disease,disease,,late-onset Alzheimer's disease,EPICv1,,probability,relative_score,correlate; rank,logistic regression,untraced,no,Homo sapiens|whole_blood|older_adults|disease,1,,101,5,,,,features not distributed for this clock,biolearn,https://github.com/bio-learn/biolearn,,https://doi.org/10.1371/journal.pone.0248375,doi,200 ok,,"Bahado-Singh, R. O., Vishweswaraiah, S., Aydas, B., et al. (2021). Artificial intelligence and leukocyte epigenomics: Evaluation and prediction of late-onset Alzheimer's disease. PLOS ONE, 16(4), e0248375."
cvdwesterman,cvdwesterman,2020,Homo sapiens,dna_methylation,other,whole blood,whole_blood,adults,adults,cardiovascular disease,disease,,cardiovascular disease risk,450K,,probability,relative_score,correlate; rank,elastic net Cox ensemble,untraced,no,Homo sapiens|whole_blood|adults|disease,2,depressionbarbu,101,5,,,,features not distributed for this clock,biolearn,https://github.com/bio-learn/biolearn,,https://doi.org/10.1161/jaha.119.015299,doi,403 publisher blocks bots; DOI registered in Crossref,,"Westerman, K. et al. Epigenomic assessment of cardiovascular disease risk and interactions with traditional risk metrics. Journal of the American Heart Association 9, e015299 (2020)."
depressionbarbu,depressionbarbu,2021,Homo sapiens,dna_methylation,other,whole blood,whole_blood,adults,adults,major depressive disorder,disease,,major depressive disorder,EPICv1,,unitless,relative_score,correlate; rank,elastic net regression,untraced,no,Homo sapiens|whole_blood|adults|disease,2,cvdwesterman,101,5,,,,features not distributed for this clock,biolearn,https://github.com/bio-learn/biolearn,,https://doi.org/10.1038/s41380-020-0808-3,doi,200 ok,,"Barbu, Miruna C., et al. ""Epigenetic prediction of major depressive disorder."" Molecular Psychiatry 26.9 (2021): 5112-5123."
grimage2packyrs,grimage2packyrs,2022,Homo sapiens,dna_methylation,other,whole blood,whole_blood,older adults,older_adults,smoking exposure,exposure,,smoking exposure,450K,,pack-years,relative_score,correlate; rank,elastic net regression,licensed,no,Homo sapiens|whole_blood|older_adults|exposure,1,,101,8,,,,features not distributed for this clock,,,,https://doi.org/10.18632/aging.204434,doi,403 publisher blocks bots; DOI registered in Crossref,,"Lu, A. T., et al. “DNA methylation GrimAge version 2.” Aging 14(23): 9484–9549 (2022)."
mccartneyalcohol,mccartneyalcohol,2018,Homo sapiens,dna_methylation,other,whole blood,whole_blood,adults,adults,alcohol consumption,exposure,,alcohol consumption,EPICv1,450,units per week,gestational_weeks,acceleration; correlate; difference; mean; residual,LASSO regression,bundled,yes,Homo sapiens|whole_blood|adults|exposure,6,mccartneybmi; mccartneyeducation; mccartneysmoking; mccartneywhr; pcgrimagepackyrs,101,8,mccartneytotalhdlratio,0.0129,11,,biolearn; methylcipher,https://github.com/bio-learn/biolearn; https://github.com/HigginsChenLab/methylCIPHER,,https://doi.org/10.1186/s13059-018-1514-1,doi,200 ok,https://doi.org/10.1186/s13059-018-1514-1,"McCartney, D. L., et al. “Epigenetic prediction of complex traits and death.” Genome Biology 19, 136 (2018)."
mccartneybmi,mccartneybmi,2018,Homo sapiens,dna_methylation,other,whole blood,whole_blood,adults,adults,body mass index,exposure,,body mass index,EPICv1,1109,unitless,relative_score,correlate; rank,LASSO regression,bundled,yes,Homo sapiens|whole_blood|adults|exposure,6,mccartneyalcohol; mccartneyeducation; mccartneysmoking; mccartneywhr; pcgrimagepackyrs,101,8,mccartneybodyfat,0.2497,415,,biolearn,https://github.com/bio-learn/biolearn,,https://doi.org/10.1186/s13059-018-1514-1,doi,200 ok,https://doi.org/10.1186/s13059-018-1514-1,"McCartney, D. L., et al. “Epigenetic prediction of complex traits and death.” Genome Biology 19, 136 (2018)."
mccartneyeducation,mccartneyeducation,2018,Homo sapiens,dna_methylation,other,whole blood,whole_blood,adults,adults,educational attainment,exposure,,educational attainment,EPICv1,373,unitless,relative_score,correlate; rank,LASSO regression,bundled,yes,Homo sapiens|whole_blood|adults|exposure,6,mccartneyalcohol; mccartneybmi; mccartneysmoking; mccartneywhr; pcgrimagepackyrs,101,8,mccartneywhr,0.0067,4,,biolearn,https://github.com/bio-learn/biolearn,,https://doi.org/10.1186/s13059-018-1514-1,doi,200 ok,https://doi.org/10.1186/s13059-018-1514-1,"McCartney, D. L., et al. “Epigenetic prediction of complex traits and death.” Genome Biology 19, 136 (2018)."
mccartneysmoking,mccartneysmoking,2018,Homo sapiens,dna_methylation,other,whole blood,whole_blood,adults,adults,smoking exposure,exposure,,smoking exposure,EPICv1,233,pack-years,relative_score,correlate; rank,LASSO regression,bundled,yes,Homo sapiens|whole_blood|adults|exposure,6,mccartneyalcohol; mccartneybmi; mccartneyeducation; mccartneywhr; pcgrimagepackyrs,101,8,dunedinpoam38,0.0109,3,,biolearn; methylcipher,https://github.com/bio-learn/biolearn; https://github.com/HigginsChenLab/methylCIPHER,,https://doi.org/10.1186/s13059-018-1514-1,doi,200 ok,https://doi.org/10.1186/s13059-018-1514-1,"McCartney, D. L., et al. “Epigenetic prediction of complex traits and death.” Genome Biology 19, 136 (2018)."
mccartneywhr,mccartneywhr,2018,Homo sapiens,dna_methylation,other,whole blood,whole_blood,adults,adults,waist-to-hip ratio,exposure,,waist-to-hip ratio,EPICv1,226,ratio,relative_score,correlate; rank,LASSO regression,bundled,yes,Homo sapiens|whole_blood|adults|exposure,6,mccartneyalcohol; mccartneybmi; mccartneyeducation; mccartneysmoking; pcgrimagepackyrs,101,8,mccartneybmi,0.0381,49,,,,,https://doi.org/10.1186/s13059-018-1514-1,doi,200 ok,https://doi.org/10.1186/s13059-018-1514-1,"McCartney, D. L., et al. “Epigenetic prediction of complex traits and death.” Genome Biology 19, 136 (2018)."
pcgrimagepackyrs,pcgrimagepackyrs,2022,Homo sapiens,dna_methylation,other,whole blood,whole_blood,adults,adults,smoking pack-years,exposure,,smoking pack-years,450K; EPICv1,,pack-years,relative_score,correlate; rank,principal component regression,licensed,no,Homo sapiens|whole_blood|adults|exposure,6,mccartneyalcohol; mccartneybmi; mccartneyeducation; mccartneysmoking; mccartneywhr,101,8,,,,features not distributed for this clock,,,,https://doi.org/10.1038/s43587-022-00248-2,doi,200 ok,,"Higgins-Chen, A. T., et al. “A computational solution for bolstering reliability of epigenetic clocks.” Nature Aging 2:644-661 (2022)."
reedbmi,reedbmi,2020,Homo sapiens,dna_methylation,other,whole blood; cord blood,whole_blood,all ages,all_ages,body mass index,exposure,,BMI methylation score,450K,,unitless,relative_score,correlate; rank,weighted methylation aggregation,untraced,no,Homo sapiens|whole_blood|all_ages|exposure,1,,101,8,,,,features not distributed for this clock,biolearn,https://github.com/bio-learn/biolearn,,https://doi.org/10.1186/s13148-020-00841-5,doi,200 ok,,"Reed, Zoe E., et al. ""The association of DNA methylation with body mass index: distinguishing between predictors and biomarkers."" Clinical Epigenetics 12 (2020): 50."
cpgptgrimage3,cpgptgrimage3,2024,Homo sapiens,dna_methylation,second,whole blood,whole_blood,adults,adults,mortality,mortality,,biological age; mortality risk,450K,,years,age_years,acceleration; correlate; difference; mean; residual,Cox proportional hazards regression,licensed,no,Homo sapiens|whole_blood|adults|mortality,4,cpgptpcgrimage3; grimage; senmortalityage,101,20,,,,features not distributed for this clock,,,,https://doi.org/10.1101/2024.10.24.619766,doi,200 ok,,"de Lima Camillo, L. P., Sehgal, R., Armstrong, J., Higgins-Chen, A. T., Horvath, S., & Wang, B. CpGPT: a foundation model for DNA methylation. bioRxiv 2024.10.24.619766 (2024)."
cpgptpcgrimage3,cpgptpcgrimage3,2024,Homo sapiens,dna_methylation,second,whole blood,whole_blood,adults,adults,mortality,mortality,,biological age; mortality risk,450K,,years,age_years,acceleration; correlate; difference; mean; residual,PCA + Cox regression,licensed,no,Homo sapiens|whole_blood|adults|mortality,4,cpgptgrimage3; grimage; senmortalityage,101,20,,,,features not distributed for this clock,,,,https://doi.org/10.1101/2024.10.24.619766,doi,200 ok,,"de Lima Camillo, L. P., Sehgal, R., Armstrong, J., Higgins-Chen, A. T., Horvath, S., & Wang, B. CpGPT: a foundation model for DNA methylation. bioRxiv 2024.10.24.619766 (2024)."
grimage,grimage,2019,Homo sapiens,dna_methylation,second,whole blood,whole_blood,adults,adults,mortality,mortality,Mortality,mortality risk,450K,,years,age_years,acceleration; correlate; difference; mean; residual,two-stage elastic net + Cox regression,licensed,no,Homo sapiens|whole_blood|adults|mortality,4,cpgptgrimage3; cpgptpcgrimage3; senmortalityage,101,20,,,,features not distributed for this clock,translage; biolearn; methylcipher,https://www.translage.io; https://github.com/bio-learn/biolearn; https://github.com/HigginsChenLab/methylCIPHER,,https://doi.org/10.18632/aging.101684,doi,403 publisher blocks bots; DOI registered in Crossref,,"Lu, Ake T., et al. ""DNA methylation GrimAge strongly predicts lifespan and healthspan."" Aging (Albany NY) 11 (2019): 303–327."
grimage2,grimage2,2022,Homo sapiens,dna_methylation,second,whole blood,whole_blood,older adults,older_adults,mortality,mortality,Mortality,mortality risk,450K,,years,age_years,acceleration; correlate; difference; mean; residual,elastic net Cox regression,licensed,no,Homo sapiens|whole_blood|older_adults|mortality,14,systemsage; systemsageblood; systemsagebrain; systemsageheart; systemsagehormone; systemsageimmune; systemsageinflammation; systemsagekidney; systemsageliver; systemsagelung; systemsagemetabolic; systemsagemusculoskeletal; zhangmortality,101,20,,,,features not distributed for this clock,translage; biolearn; methylcipher,https://www.translage.io; https://github.com/bio-learn/biolearn; https://github.com/HigginsChenLab/methylCIPHER,,https://doi.org/10.18632/aging.204434,doi,403 publisher blocks bots; DOI registered in Crossref,,"Lu, A. T., et al. “DNA methylation GrimAge version 2.” Aging 14(23): 9484–9549 (2022)."
senmortalityage,senmortalityage,2026,Homo sapiens,dna_methylation,second,whole blood,whole_blood,adults,adults,mortality,mortality,,mortality risk,450K; EPICv1,,log hazard,mortality_log_hazard,correlate; hazard_ratio; mean; rank,elastic net Cox regression,untraced,no,Homo sapiens|whole_blood|adults|mortality,4,cpgptgrimage3; cpgptpcgrimage3; grimage,101,20,,,,features not distributed for this clock,,,,https://doi.org/10.1111/acel.70430,doi,403 publisher blocks bots; DOI registered in Crossref,,"Kasamoto, K., Gibson, J., Moqri, M., Smith, R. & Higgins-Chen, A.T. DNA methylation signatures of cellular senescence are not reversed by senolytic treatment. Aging Cell 25, e70430 (2026)."
systemsage,systemsage,2025,Homo sapiens,dna_methylation,system,whole blood,whole_blood,older adults,older_adults,mortality,mortality,Mortality,multisystem biological age,450K; EPICv1,,years,age_years,acceleration; correlate; difference; mean; residual,PCA + elastic net regression,licensed,no,Homo sapiens|whole_blood|older_adults|mortality,14,grimage2; systemsageblood; systemsagebrain; systemsageheart; systemsagehormone; systemsageimmune; systemsageinflammation; systemsagekidney; systemsageliver; systemsagelung; systemsagemetabolic; systemsagemusculoskeletal; zhangmortality,101,20,,,,features not distributed for this clock,translage; methylcipher,https://www.translage.io; https://github.com/HigginsChenLab/methylCIPHER,,https://doi.org/10.1038/s43587-025-00958-3,doi,200 ok,,"Sehgal, R., Markov, Y., Qin, C., et al. (2025). Systems Age: a single blood methylation test to quantify aging heterogeneity across 11 physiological systems. Nature Aging, 5, 1880–1896."
systemsageblood,systemsageblood,2025,Homo sapiens,dna_methylation,system,whole blood,whole_blood,older adults,older_adults,mortality,mortality,,blood-system biological age,450K; EPICv1,,years,age_years,acceleration; correlate; difference; mean; residual,PCA + elastic net regression,licensed,no,Homo sapiens|whole_blood|older_adults|mortality,14,grimage2; systemsage; systemsagebrain; systemsageheart; systemsagehormone; systemsageimmune; systemsageinflammation; systemsagekidney; systemsageliver; systemsagelung; systemsagemetabolic; systemsagemusculoskeletal; zhangmortality,101,20,,,,features not distributed for this clock,,,,https://doi.org/10.1038/s43587-025-00958-3,doi,200 ok,,"Sehgal, R., Markov, Y., Qin, C., et al. (2025). Systems Age: a single blood methylation test to quantify aging heterogeneity across 11 physiological systems. Nature Aging, 5, 1880–1896."
systemsagebrain,systemsagebrain,2025,Homo sapiens,dna_methylation,system,whole blood,whole_blood,older adults,older_adults,mortality,mortality,,brain-system biological age,450K; EPICv1,,years,age_years,acceleration; correlate; difference; mean; residual,PCA + elastic net regression,licensed,no,Homo sapiens|whole_blood|older_adults|mortality,14,grimage2; systemsage; systemsageblood; systemsageheart; systemsagehormone; systemsageimmune; systemsageinflammation; systemsagekidney; systemsageliver; systemsagelung; systemsagemetabolic; systemsagemusculoskeletal; zhangmortality,101,20,,,,features not distributed for this clock,,,,https://doi.org/10.1038/s43587-025-00958-3,doi,200 ok,,"Sehgal, R., Markov, Y., Qin, C., et al. (2025). Systems Age: a single blood methylation test to quantify aging heterogeneity across 11 physiological systems. Nature Aging, 5, 1880–1896."
systemsageheart,systemsageheart,2025,Homo sapiens,dna_methylation,system,whole blood,whole_blood,older adults,older_adults,mortality,mortality,,cardiovascular-system biological age,450K; EPICv1,,years,age_years,acceleration; correlate; difference; mean; residual,PCA + elastic net regression,licensed,no,Homo sapiens|whole_blood|older_adults|mortality,14,grimage2; systemsage; systemsageblood; systemsagebrain; systemsagehormone; systemsageimmune; systemsageinflammation; systemsagekidney; systemsageliver; systemsagelung; systemsagemetabolic; systemsagemusculoskeletal; zhangmortality,101,20,,,,features not distributed for this clock,,,,https://doi.org/10.1038/s43587-025-00958-3,doi,200 ok,,"Sehgal, R., Markov, Y., Qin, C., et al. (2025). Systems Age: a single blood methylation test to quantify aging heterogeneity across 11 physiological systems. Nature Aging, 5, 1880–1896."
systemsagehormone,systemsagehormone,2025,Homo sapiens,dna_methylation,system,whole blood,whole_blood,older adults,older_adults,mortality,mortality,,endocrine-system biological age,450K; EPICv1,,years,age_years,acceleration; correlate; difference; mean; residual,PCA + elastic net regression,licensed,no,Homo sapiens|whole_blood|older_adults|mortality,14,grimage2; systemsage; systemsageblood; systemsagebrain; systemsageheart; systemsageimmune; systemsageinflammation; systemsagekidney; systemsageliver; systemsagelung; systemsagemetabolic; systemsagemusculoskeletal; zhangmortality,101,20,,,,features not distributed for this clock,,,,https://doi.org/10.1038/s43587-025-00958-3,doi,200 ok,,"Sehgal, R., Markov, Y., Qin, C., et al. (2025). Systems Age: a single blood methylation test to quantify aging heterogeneity across 11 physiological systems. Nature Aging, 5, 1880–1896."
systemsageimmune,systemsageimmune,2025,Homo sapiens,dna_methylation,system,whole blood,whole_blood,older adults,older_adults,mortality,mortality,,immune-system biological age,450K; EPICv1,,years,age_years,acceleration; correlate; difference; mean; residual,PCA + elastic net regression,licensed,no,Homo sapiens|whole_blood|older_adults|mortality,14,grimage2; systemsage; systemsageblood; systemsagebrain; systemsageheart; systemsagehormone; systemsageinflammation; systemsagekidney; systemsageliver; systemsagelung; systemsagemetabolic; systemsagemusculoskeletal; zhangmortality,101,20,,,,features not distributed for this clock,,,,https://doi.org/10.1038/s43587-025-00958-3,doi,200 ok,,"Sehgal, R., Markov, Y., Qin, C., et al. (2025). Systems Age: a single blood methylation test to quantify aging heterogeneity across 11 physiological systems. Nature Aging, 5, 1880–1896."
systemsageinflammation,systemsageinflammation,2025,Homo sapiens,dna_methylation,system,whole blood,whole_blood,older adults,older_adults,mortality,mortality,,inflammatory-system biological age,450K; EPICv1,,years,age_years,acceleration; correlate; difference; mean; residual,PCA + elastic net regression,licensed,no,Homo sapiens|whole_blood|older_adults|mortality,14,grimage2; systemsage; systemsageblood; systemsagebrain; systemsageheart; systemsagehormone; systemsageimmune; systemsagekidney; systemsageliver; systemsagelung; systemsagemetabolic; systemsagemusculoskeletal; zhangmortality,101,20,,,,features not distributed for this clock,,,,https://doi.org/10.1038/s43587-025-00958-3,doi,200 ok,,"Sehgal, R., Markov, Y., Qin, C., et al. (2025). Systems Age: a single blood methylation test to quantify aging heterogeneity across 11 physiological systems. Nature Aging, 5, 1880–1896."
systemsagekidney,systemsagekidney,2025,Homo sapiens,dna_methylation,system,whole blood,whole_blood,older adults,older_adults,mortality,mortality,,renal-system biological age,450K; EPICv1,,years,age_years,acceleration; correlate; difference; mean; residual,PCA + elastic net regression,licensed,no,Homo sapiens|whole_blood|older_adults|mortality,14,grimage2; systemsage; systemsageblood; systemsagebrain; systemsageheart; systemsagehormone; systemsageimmune; systemsageinflammation; systemsageliver; systemsagelung; systemsagemetabolic; systemsagemusculoskeletal; zhangmortality,101,20,,,,features not distributed for this clock,,,,https://doi.org/10.1038/s43587-025-00958-3,doi,200 ok,,"Sehgal, R., Markov, Y., Qin, C., et al. (2025). Systems Age: a single blood methylation test to quantify aging heterogeneity across 11 physiological systems. Nature Aging, 5, 1880–1896."
systemsageliver,systemsageliver,2025,Homo sapiens,dna_methylation,system,whole blood,whole_blood,older adults,older_adults,mortality,mortality,,hepatic-system biological age,450K; EPICv1,,years,age_years,acceleration; correlate; difference; mean; residual,PCA + elastic net regression,licensed,no,Homo sapiens|whole_blood|older_adults|mortality,14,grimage2; systemsage; systemsageblood; systemsagebrain; systemsageheart; systemsagehormone; systemsageimmune; systemsageinflammation; systemsagekidney; systemsagelung; systemsagemetabolic; systemsagemusculoskeletal; zhangmortality,101,20,,,,features not distributed for this clock,,,,https://doi.org/10.1038/s43587-025-00958-3,doi,200 ok,,"Sehgal, R., Markov, Y., Qin, C., et al. (2025). Systems Age: a single blood methylation test to quantify aging heterogeneity across 11 physiological systems. Nature Aging, 5, 1880–1896."
systemsagelung,systemsagelung,2025,Homo sapiens,dna_methylation,system,whole blood,whole_blood,older adults,older_adults,mortality,mortality,,pulmonary-system biological age,450K; EPICv1,,years,age_years,acceleration; correlate; difference; mean; residual,PCA + elastic net regression,licensed,no,Homo sapiens|whole_blood|older_adults|mortality,14,grimage2; systemsage; systemsageblood; systemsagebrain; systemsageheart; systemsagehormone; systemsageimmune; systemsageinflammation; systemsagekidney; systemsageliver; systemsagemetabolic; systemsagemusculoskeletal; zhangmortality,101,20,,,,features not distributed for this clock,,,,https://doi.org/10.1038/s43587-025-00958-3,doi,200 ok,,"Sehgal, R., Markov, Y., Qin, C., et al. (2025). Systems Age: a single blood methylation test to quantify aging heterogeneity across 11 physiological systems. Nature Aging, 5, 1880–1896."
systemsagemetabolic,systemsagemetabolic,2025,Homo sapiens,dna_methylation,system,whole blood,whole_blood,older adults,older_adults,mortality,mortality,,metabolic-system biological age,450K; EPICv1,,years,age_years,acceleration; correlate; difference; mean; residual,PCA + elastic net regression,licensed,no,Homo sapiens|whole_blood|older_adults|mortality,14,grimage2; systemsage; systemsageblood; systemsagebrain; systemsageheart; systemsagehormone; systemsageimmune; systemsageinflammation; systemsagekidney; systemsageliver; systemsagelung; systemsagemusculoskeletal; zhangmortality,101,20,,,,features not distributed for this clock,,,,https://doi.org/10.1038/s43587-025-00958-3,doi,200 ok,,"Sehgal, R., Markov, Y., Qin, C., et al. (2025). Systems Age: a single blood methylation test to quantify aging heterogeneity across 11 physiological systems. Nature Aging, 5, 1880–1896."
systemsagemusculoskeletal,systemsagemusculoskeletal,2025,Homo sapiens,dna_methylation,system,whole blood,whole_blood,older adults,older_adults,mortality,mortality,,musculoskeletal-system biological age,450K; EPICv1,,years,age_years,acceleration; correlate; difference; mean; residual,PCA + elastic net regression,licensed,no,Homo sapiens|whole_blood|older_adults|mortality,14,grimage2; systemsage; systemsageblood; systemsagebrain; systemsageheart; systemsagehormone; systemsageimmune; systemsageinflammation; systemsagekidney; systemsageliver; systemsagelung; systemsagemetabolic; zhangmortality,101,20,,,,features not distributed for this clock,,,,https://doi.org/10.1038/s43587-025-00958-3,doi,200 ok,,"Sehgal, R., Markov, Y., Qin, C., et al. (2025). Systems Age: a single blood methylation test to quantify aging heterogeneity across 11 physiological systems. Nature Aging, 5, 1880–1896."
zhangmortality,zhangmortality,2017,Homo sapiens,dna_methylation,second,whole blood,whole_blood,older adults,older_adults,mortality,mortality,,mortality risk,450K,10,unitless,mortality_log_hazard,correlate; hazard_ratio; mean; rank,weighted linear score,bundled,yes,Homo sapiens|whole_blood|older_adults|mortality,14,grimage2; systemsage; systemsageblood; systemsagebrain; systemsageheart; systemsagehormone; systemsageimmune; systemsageinflammation; systemsagekidney; systemsageliver; systemsagelung; systemsagemetabolic; systemsagemusculoskeletal,101,20,dunedinpoam38,0.0182,1,,biolearn,https://github.com/bio-learn/biolearn,,https://doi.org/10.1038/ncomms14617,doi,200 ok,,"Zhang, Y., Wilson, R., Heiss, J. et al. DNA methylation signatures in peripheral blood strongly predict all-cause mortality. Nature Communications 8, 14617 (2017)."
dunedinpace,dunedinpace,2022,Homo sapiens,dna_methylation,pace,whole blood,whole_blood,adults,adults,pace of aging,pace_of_aging,Pace of Aging,pace of aging,EPICv1,,biological years per chronological year,pace_ratio,correlate; difference; mean; rank,elastic net regression,licensed,no,Homo sapiens|whole_blood|adults|pace_of_aging,2,dunedinpoam38,101,2,,,,features not distributed for this clock,translage; biolearn,https://www.translage.io; https://github.com/bio-learn/biolearn,,https://doi.org/10.7554/elife.73420,doi,200 ok,,"Belsky, D. W., Caspi, A., Corcoran, D. L., et al. (2022). DunedinPACE, a DNA methylation biomarker of the pace of aging. eLife, 11, e73420."
dunedinpoam38,dunedinpoam38,2020,Homo sapiens,dna_methylation,pace,whole blood,whole_blood,adults,adults,pace of aging,pace_of_aging,Pace of Aging,pace of aging,450K,46,biological years per chronological year,pace_ratio,correlate; difference; mean; rank,elastic net regression,bundled,yes,Homo sapiens|whole_blood|adults|pace_of_aging,2,dunedinpace,101,2,zhangmortality,0.0182,1,,translage; biolearn; methylcipher,https://www.translage.io; https://github.com/bio-learn/biolearn; https://github.com/HigginsChenLab/methylCIPHER,,https://doi.org/10.7554/elife.54870,doi,200 ok,,"Belsky, D.W., Caspi, A., Arseneault, L. et al. Quantification of the pace of biological aging in humans through a blood test, the DunedinPoAm DNA methylation algorithm. eLife 9, e54870 (2020)."
dnamfili,dnamfili,2022,Homo sapiens,dna_methylation,other,whole blood,whole_blood,older adults,older_adults,frailty,phenotype,,frailty risk,EPICv1; 450K,,unitless,relative_score,correlate; rank,LASSO regression,untraced,no,Homo sapiens|whole_blood|older_adults|phenotype,3,dnamic; efrs,101,15,,,,features not distributed for this clock,methylcipher,https://github.com/HigginsChenLab/methylCIPHER,,https://doi.org/10.1038/s41467-022-32893-x,doi,200 ok,,"Li, X. et al. Derivation and validation of an epigenetic frailty risk score in population-based cohorts of older adults. Nature Communications 13, 5269 (2022)."
dnamfitage,dnamfitage,2023,Homo sapiens,dna_methylation,other,whole blood,whole_blood,adults,adults,biological age,phenotype,,physical-fitness biological age,450K,,years,age_years,acceleration; correlate; difference; mean; residual,Klemera–Doubal composite,untraced,no,Homo sapiens|whole_blood|adults|phenotype,12,dnamfitagegaitf; dnamfitagegaitm; dnamfitagegripf; dnamfitagegripm; dnamfitagevo2max; dnamphenoage; fiage; hrsinchphenoage; mccartneybodyfat; omicmage; pcphenoage,101,15,,,,features not distributed for this clock,methylcipher,https://github.com/HigginsChenLab/methylCIPHER,,https://doi.org/10.18632/aging.204538,doi,403 publisher blocks bots; DOI registered in Crossref,,"McGreevy, K. M., et al. “DNAmFitAge: biological age indicator incorporating physical fitness.” Aging 15(10): 3904–3938 (2023)."
dnamfitagegaitf,dnamfitagegaitf,2023,Homo sapiens,dna_methylation,other,whole blood,whole_blood,adult women,adults,gait speed,phenotype,,gait speed,450K,,meters per second,relative_score,correlate; rank,LASSO regression,untraced,no,Homo sapiens|whole_blood|adults|phenotype,12,dnamfitage; dnamfitagegaitm; dnamfitagegripf; dnamfitagegripm; dnamfitagevo2max; dnamphenoage; fiage; hrsinchphenoage; mccartneybodyfat; omicmage; pcphenoage,101,15,,,,features not distributed for this clock,,,,https://doi.org/10.18632/aging.204538,doi,403 publisher blocks bots; DOI registered in Crossref,,"McGreevy, K. M., et al. “DNAmFitAge: biological age indicator incorporating physical fitness.” Aging 15(10): 3904–3938 (2023)."
dnamfitagegaitm,dnamfitagegaitm,2023,Homo sapiens,dna_methylation,other,whole blood,whole_blood,adult men,adults,gait speed,phenotype,,gait speed,450K,,meters per second,relative_score,correlate; rank,LASSO regression,untraced,no,Homo sapiens|whole_blood|adults|phenotype,12,dnamfitage; dnamfitagegaitf; dnamfitagegripf; dnamfitagegripm; dnamfitagevo2max; dnamphenoage; fiage; hrsinchphenoage; mccartneybodyfat; omicmage; pcphenoage,101,15,,,,features not distributed for this clock,,,,https://doi.org/10.18632/aging.204538,doi,403 publisher blocks bots; DOI registered in Crossref,,"McGreevy, K. M., et al. “DNAmFitAge: biological age indicator incorporating physical fitness.” Aging 15(10): 3904–3938 (2023)."
dnamfitagegripf,dnamfitagegripf,2023,Homo sapiens,dna_methylation,other,whole blood,whole_blood,adult women,adults,grip strength,phenotype,,grip strength,450K,,kilograms,relative_score,correlate; rank,LASSO regression,untraced,no,Homo sapiens|whole_blood|adults|phenotype,12,dnamfitage; dnamfitagegaitf; dnamfitagegaitm; dnamfitagegripm; dnamfitagevo2max; dnamphenoage; fiage; hrsinchphenoage; mccartneybodyfat; omicmage; pcphenoage,101,15,,,,features not distributed for this clock,,,,https://doi.org/10.18632/aging.204538,doi,403 publisher blocks bots; DOI registered in Crossref,,"McGreevy, K. M., et al. “DNAmFitAge: biological age indicator incorporating physical fitness.” Aging 15(10): 3904–3938 (2023)."
dnamfitagegripm,dnamfitagegripm,2023,Homo sapiens,dna_methylation,other,whole blood,whole_blood,adult men,adults,grip strength,phenotype,,grip strength,450K,,kilograms,relative_score,correlate; rank,LASSO regression,untraced,no,Homo sapiens|whole_blood|adults|phenotype,12,dnamfitage; dnamfitagegaitf; dnamfitagegaitm; dnamfitagegripf; dnamfitagevo2max; dnamphenoage; fiage; hrsinchphenoage; mccartneybodyfat; omicmage; pcphenoage,101,15,,,,features not distributed for this clock,,,,https://doi.org/10.18632/aging.204538,doi,403 publisher blocks bots; DOI registered in Crossref,,"McGreevy, K. M., et al. “DNAmFitAge: biological age indicator incorporating physical fitness.” Aging 15(10): 3904–3938 (2023)."
dnamfitagevo2max,dnamfitagevo2max,2023,Homo sapiens,dna_methylation,other,whole blood,whole_blood,adults,adults,VO2max,phenotype,,VO2max,450K,,milliliters per kilogram per minute,relative_score,correlate; rank,LASSO regression,untraced,no,Homo sapiens|whole_blood|adults|phenotype,12,dnamfitage; dnamfitagegaitf; dnamfitagegaitm; dnamfitagegripf; dnamfitagegripm; dnamphenoage; fiage; hrsinchphenoage; mccartneybodyfat; omicmage; pcphenoage,101,15,,,,features not distributed for this clock,,,,https://doi.org/10.18632/aging.204538,doi,403 publisher blocks bots; DOI registered in Crossref,,"McGreevy, K. M., et al. “DNAmFitAge: biological age indicator incorporating physical fitness.” Aging 15(10): 3904–3938 (2023)."
dnamic,dnamic,2025,Homo sapiens,dna_methylation,other,whole blood,whole_blood,older adults,older_adults,intrinsic capacity,phenotype,Intrinsic Capacity,intrinsic capacity,EPICv1,,unitless,relative_score,correlate; rank,elastic net regression,untraced,no,Homo sapiens|whole_blood|older_adults|phenotype,3,dnamfili; efrs,101,15,,,,features not distributed for this clock,translage; methylcipher,https://www.translage.io; https://github.com/HigginsChenLab/methylCIPHER,,https://doi.org/10.1038/s43587-025-00883-5,doi,200 ok,,"Fuentealba, M., Rouch, L., Guyonnet, S. et al. A blood-based epigenetic clock for intrinsic capacity predicts mortality and is associated with clinical, immunological and lifestyle factors. Nature Aging 5, 1207–1216 (2025)."
dnamphenoage,dnamphenoage,2018,Homo sapiens,dna_methylation,second,whole blood,whole_blood,adults,adults,phenotypic age,phenotype,Mortality,phenotypic age,27K; 450K; EPICv1,513,years,age_years,acceleration; correlate; difference; mean; residual,elastic net regression,bundled,yes,Homo sapiens|whole_blood|adults|phenotype,12,dnamfitage; dnamfitagegaitf; dnamfitagegaitm; dnamfitagegripf; dnamfitagegripm; dnamfitagevo2max; fiage; hrsinchphenoage; mccartneybodyfat; omicmage; pcphenoage,101,15,skinandblood,0.0686,58,,translage; biolearn; methylcipher,https://www.translage.io; https://github.com/bio-learn/biolearn; https://github.com/HigginsChenLab/methylCIPHER,,https://doi.org/10.18632/aging.101414,doi,403 publisher blocks bots; DOI registered in Crossref,,"Levine, M. E., et al. ""An epigenetic biomarker of aging for lifespan and healthspan."" Aging 10.4 (2018): 573-591."
efrs,efrs,2022,Homo sapiens,dna_methylation,other,whole blood,whole_blood,"older adults, ESTHER cohort",older_adults,frailty index,phenotype,Frailty,frailty index,450K; EPICv1,20,unitless,relative_score,correlate; rank,LASSO regression,untraced,no,Homo sapiens|whole_blood|older_adults|phenotype,3,dnamfili; dnamic,101,15,,,,features not distributed for this clock,translage,https://www.translage.io,,https://doi.org/10.1038/s41467-022-32893-x,doi,200 ok,https://doi.org/10.1038/s41467-022-32893-x,"Gao, X., et al. “Derivation and validation of an epigenetic frailty risk score in population-based cohorts of older adults.” Nature Communications 13:5269 (2022)."
fiage,fiage,2025,Homo sapiens,dna_methylation,other,whole blood,whole_blood,adults,adults,frailty index,phenotype,Frailty,frailty index,EPICv1,53,unitless,relative_score,correlate; rank,elastic net regression,untraced,no,Homo sapiens|whole_blood|adults|phenotype,12,dnamfitage; dnamfitagegaitf; dnamfitagegaitm; dnamfitagegripf; dnamfitagegripm; dnamfitagevo2max; dnamphenoage; hrsinchphenoage; mccartneybodyfat; omicmage; pcphenoage,101,15,,,,features not distributed for this clock,translage,https://www.translage.io,,https://www.translage.io,coefficient_source,200 ok,https://www.translage.io,"Listed in the TranslAGE clock table (translage.io) at 53 CpGs, trained on frailty, EPICv1."
hrsinchphenoage,hrsinchphenoage,2022,Homo sapiens,dna_methylation,second,whole blood,whole_blood,adults,adults,phenotypic age,phenotype,,phenotypic age,450K; EPICv1,959,years,age_years,acceleration; correlate; difference; mean; residual,weighted linear score,bundled,yes,Homo sapiens|whole_blood|adults|phenotype,12,dnamfitage; dnamfitagegaitf; dnamfitagegaitm; dnamfitagegripf; dnamfitagegripm; dnamfitagevo2max; dnamphenoage; fiage; mccartneybodyfat; omicmage; pcphenoage,101,15,zhangen,0.0499,70,,biolearn; methylcipher,https://github.com/bio-learn/biolearn; https://github.com/HigginsChenLab/methylCIPHER,,https://doi.org/10.1038/s43587-022-00248-2,doi,200 ok,,"Higgins-Chen, Albert T., et al. ""A computational solution for bolstering reliability of epigenetic clocks: implications for clinical trials and longitudinal tracking."" Nature Aging 2 (2022): 644–661."
mccartneybodyfat,mccartneybodyfat,2018,Homo sapiens,dna_methylation,other,whole blood,whole_blood,adults,adults,body fat percentage,phenotype,,body fat percentage,EPICv1,968,unitless,relative_score,correlate; rank,LASSO regression,bundled,yes,Homo sapiens|whole_blood|adults|phenotype,12,dnamfitage; dnamfitagegaitf; dnamfitagegaitm; dnamfitagegripf; dnamfitagegripm; dnamfitagevo2max; dnamphenoage; fiage; hrsinchphenoage; omicmage; pcphenoage,101,15,mccartneybmi,0.2497,415,,,,,https://doi.org/10.1186/s13059-018-1514-1,doi,200 ok,https://doi.org/10.1186/s13059-018-1514-1,"McCartney, D. L., et al. “Epigenetic prediction of complex traits and death.” Genome Biology 19, 136 (2018)."
omicmage,omicmage,2026,Homo sapiens,dna_methylation,second,whole blood,whole_blood,adults,adults,biological age,phenotype,Mortality,biological age,450K; EPICv1,,years,age_years,acceleration; correlate; difference; mean; residual,elastic net regression,licensed,no,Homo sapiens|whole_blood|adults|phenotype,12,dnamfitage; dnamfitagegaitf; dnamfitagegaitm; dnamfitagegripf; dnamfitagegripm; dnamfitagevo2max; dnamphenoage; fiage; hrsinchphenoage; mccartneybodyfat; pcphenoage,101,15,,,,features not distributed for this clock,translage,https://www.translage.io,,https://doi.org/10.1038/s43587-026-01073-7,doi,200 ok,,"Chen, Q., Dwaraka, V. B., Carreras-Gallo, N., et al. “OMICmAge quantifies biological age by integrating multi-omics with electronic medical records.” Nature Aging (2026)."
pcphenoage,pcphenoage,2022,Homo sapiens,dna_methylation,second,whole blood,whole_blood,adults,adults,phenotypic age,phenotype,Mortality,phenotypic age,450K; EPICv1,,years,age_years,acceleration; correlate; difference; mean; residual,PCA + elastic net regression,untraced,no,Homo sapiens|whole_blood|adults|phenotype,12,dnamfitage; dnamfitagegaitf; dnamfitagegaitm; dnamfitagegripf; dnamfitagegripm; dnamfitagevo2max; dnamphenoage; fiage; hrsinchphenoage; mccartneybodyfat; omicmage,101,15,,,,features not distributed for this clock,translage,https://www.translage.io,,https://doi.org/10.1038/s43587-022-00248-2,doi,200 ok,,"Higgins-Chen, Albert T., et al. ""A computational solution for bolstering reliability of epigenetic clocks: implications for clinical trials and longitudinal tracking."" Nature Aging 2 (2022): 644–661."
compil6,compil6,2021,Homo sapiens,dna_methylation,other,whole blood,whole_blood,older adults,older_adults,interleukin-6,protein_or_analyte,,interleukin-6,450K,,unitless,relative_score,correlate; rank,elastic net regression,untraced,no,Homo sapiens|whole_blood|older_adults|protein_or_analyte,10,grimage2adm; grimage2b2m; grimage2cystatinc; grimage2gdf15; grimage2leptin; grimage2loga1c; grimage2logcrp; grimage2pai1; grimage2timp1,101,22,,,,features not distributed for this clock,,,,https://doi.org/10.1093/gerona/glab046,doi,403 publisher blocks bots; DOI registered in Crossref,,"Stevenson, A. J., et al. “Creating and Validating a DNA Methylation-Based Proxy for Interleukin-6.” The Journals of Gerontology: Series A 76(12): 2284–2292 (2021)."
dnamtl,dnamtl,2019,Homo sapiens,dna_methylation,other,whole blood,whole_blood,adults,adults,leukocyte telomere length,protein_or_analyte,,leukocyte telomere length,450K; EPICv1,140,kilobases,telomere_kb,acceleration; correlate; difference; mean,elastic net regression,bundled,yes,Homo sapiens|whole_blood|adults|protein_or_analyte,12,mccartneyhdlcholesterol; mccartneyldlcholesterol; mccartneytotalcholesterol; mccartneytotalhdlratio; pcgrimageadm; pcgrimageb2m; pcgrimagecystatinc; pcgrimagegdf15; pcgrimageleptin; pcgrimagepai1; pcgrimagetimp1,101,22,hannum,0.0243,5,,biolearn; methylcipher,https://github.com/bio-learn/biolearn; https://github.com/HigginsChenLab/methylCIPHER,,https://doi.org/10.18632/aging.102173,doi,403 publisher blocks bots; DOI registered in Crossref,,"Lu, A. T., et al. ""DNA methylation-based estimator of telomere length."" Aging 11.16 (2019): 5895-5923."
grimage2adm,grimage2adm,2022,Homo sapiens,dna_methylation,other,whole blood,whole_blood,older adults,older_adults,adrenomedullin,protein_or_analyte,,adrenomedullin,450K,,picograms per milliliter,relative_score,correlate; rank,elastic net regression,licensed,no,Homo sapiens|whole_blood|older_adults|protein_or_analyte,10,compil6; grimage2b2m; grimage2cystatinc; grimage2gdf15; grimage2leptin; grimage2loga1c; grimage2logcrp; grimage2pai1; grimage2timp1,101,22,,,,features not distributed for this clock,,,,https://doi.org/10.18632/aging.204434,doi,403 publisher blocks bots; DOI registered in Crossref,,"Lu, A. T., et al. “DNA methylation GrimAge version 2.” Aging 14(23): 9484–9549 (2022)."
grimage2b2m,grimage2b2m,2022,Homo sapiens,dna_methylation,other,whole blood,whole_blood,older adults,older_adults,beta-2-microglobulin,protein_or_analyte,,beta-2-microglobulin,450K,,picograms per milliliter,relative_score,correlate; rank,elastic net regression,licensed,no,Homo sapiens|whole_blood|older_adults|protein_or_analyte,10,compil6; grimage2adm; grimage2cystatinc; grimage2gdf15; grimage2leptin; grimage2loga1c; grimage2logcrp; grimage2pai1; grimage2timp1,101,22,,,,features not distributed for this clock,,,"B2M is linked to kidney function, cardiovascular disease and inflammation; DNAm B2M is a GrimAge component.",https://doi.org/10.18632/aging.204434,doi,403 publisher blocks bots; DOI registered in Crossref,,"Lu, A. T., et al. “DNA methylation GrimAge version 2.” Aging 14(23): 9484–9549 (2022)."
grimage2cystatinc,grimage2cystatinc,2022,Homo sapiens,dna_methylation,other,whole blood,whole_blood,older adults,older_adults,cystatin C,protein_or_analyte,,cystatin C,450K,,picograms per milliliter,relative_score,correlate; rank,elastic net regression,licensed,no,Homo sapiens|whole_blood|older_adults|protein_or_analyte,10,compil6; grimage2adm; grimage2b2m; grimage2gdf15; grimage2leptin; grimage2loga1c; grimage2logcrp; grimage2pai1; grimage2timp1,101,22,,,,features not distributed for this clock,,,,https://doi.org/10.18632/aging.204434,doi,403 publisher blocks bots; DOI registered in Crossref,,"Lu, A. T., et al. “DNA methylation GrimAge version 2.” Aging 14(23): 9484–9549 (2022)."
grimage2gdf15,grimage2gdf15,2022,Homo sapiens,dna_methylation,other,whole blood,whole_blood,older adults,older_adults,GDF-15,protein_or_analyte,,GDF-15,450K,,picograms per milliliter,relative_score,correlate; rank,elastic net regression,licensed,no,Homo sapiens|whole_blood|older_adults|protein_or_analyte,10,compil6; grimage2adm; grimage2b2m; grimage2cystatinc; grimage2leptin; grimage2loga1c; grimage2logcrp; grimage2pai1; grimage2timp1,101,22,,,,features not distributed for this clock,,,,https://doi.org/10.18632/aging.204434,doi,403 publisher blocks bots; DOI registered in Crossref,,"Lu, A. T., et al. “DNA methylation GrimAge version 2.” Aging 14(23): 9484–9549 (2022)."
grimage2leptin,grimage2leptin,2022,Homo sapiens,dna_methylation,other,whole blood,whole_blood,older adults,older_adults,leptin,protein_or_analyte,,leptin,450K,,picograms per milliliter,relative_score,correlate; rank,elastic net regression,licensed,no,Homo sapiens|whole_blood|older_adults|protein_or_analyte,10,compil6; grimage2adm; grimage2b2m; grimage2cystatinc; grimage2gdf15; grimage2loga1c; grimage2logcrp; grimage2pai1; grimage2timp1,101,22,,,,features not distributed for this clock,,,,https://doi.org/10.18632/aging.204434,doi,403 publisher blocks bots; DOI registered in Crossref,,"Lu, A. T., et al. “DNA methylation GrimAge version 2.” Aging 14(23): 9484–9549 (2022)."
grimage2loga1c,grimage2loga1c,2022,Homo sapiens,dna_methylation,other,whole blood,whole_blood,older adults,older_adults,hemoglobin A1c,protein_or_analyte,,hemoglobin A1c,450K,,natural-log percent,relative_score,correlate; rank,elastic net regression,licensed,no,Homo sapiens|whole_blood|older_adults|protein_or_analyte,10,compil6; grimage2adm; grimage2b2m; grimage2cystatinc; grimage2gdf15; grimage2leptin; grimage2logcrp; grimage2pai1; grimage2timp1,101,22,,,,features not distributed for this clock,,,,https://doi.org/10.18632/aging.204434,doi,403 publisher blocks bots; DOI registered in Crossref,,"Lu, A. T., et al. “DNA methylation GrimAge version 2.” Aging 14(23): 9484–9549 (2022)."
grimage2logcrp,grimage2logcrp,2022,Homo sapiens,dna_methylation,other,whole blood,whole_blood,older adults,older_adults,C-reactive protein,protein_or_analyte,,C-reactive protein,450K,,natural-log milligrams per liter,relative_score,correlate; rank,elastic net regression,licensed,no,Homo sapiens|whole_blood|older_adults|protein_or_analyte,10,compil6; grimage2adm; grimage2b2m; grimage2cystatinc; grimage2gdf15; grimage2leptin; grimage2loga1c; grimage2pai1; grimage2timp1,101,22,,,,features not distributed for this clock,,,,https://doi.org/10.18632/aging.204434,doi,403 publisher blocks bots; DOI registered in Crossref,,"Lu, A. T., et al. “DNA methylation GrimAge version 2.” Aging 14(23): 9484–9549 (2022)."
grimage2pai1,grimage2pai1,2022,Homo sapiens,dna_methylation,other,whole blood,whole_blood,older adults,older_adults,PAI-1,protein_or_analyte,,PAI-1,450K,,picograms per milliliter,relative_score,correlate; rank,elastic net regression,licensed,no,Homo sapiens|whole_blood|older_adults|protein_or_analyte,10,compil6; grimage2adm; grimage2b2m; grimage2cystatinc; grimage2gdf15; grimage2leptin; grimage2loga1c; grimage2logcrp; grimage2timp1,101,22,,,,features not distributed for this clock,,,,https://doi.org/10.18632/aging.204434,doi,403 publisher blocks bots; DOI registered in Crossref,,"Lu, A. T., et al. “DNA methylation GrimAge version 2.” Aging 14(23): 9484–9549 (2022)."
grimage2timp1,grimage2timp1,2022,Homo sapiens,dna_methylation,other,whole blood,whole_blood,older adults,older_adults,TIMP-1,protein_or_analyte,,TIMP-1,450K,,picograms per milliliter,relative_score,correlate; rank,elastic net regression,licensed,no,Homo sapiens|whole_blood|older_adults|protein_or_analyte,10,compil6; grimage2adm; grimage2b2m; grimage2cystatinc; grimage2gdf15; grimage2leptin; grimage2loga1c; grimage2logcrp; grimage2pai1,101,22,,,,features not distributed for this clock,,,,https://doi.org/10.18632/aging.204434,doi,403 publisher blocks bots; DOI registered in Crossref,,"Lu, A. T., et al. “DNA methylation GrimAge version 2.” Aging 14(23): 9484–9549 (2022)."
mccartneyhdlcholesterol,mccartneyhdlcholesterol,2018,Homo sapiens,dna_methylation,other,whole blood,whole_blood,adults,adults,HDL cholesterol,protein_or_analyte,,HDL cholesterol,EPICv1,737,unitless,relative_score,correlate; rank,LASSO regression,bundled,yes,Homo sapiens|whole_blood|adults|protein_or_analyte,12,dnamtl; mccartneyldlcholesterol; mccartneytotalcholesterol; mccartneytotalhdlratio; pcgrimageadm; pcgrimageb2m; pcgrimagecystatinc; pcgrimagegdf15; pcgrimageleptin; pcgrimagepai1; pcgrimagetimp1,101,22,mccartneytotalhdlratio,0.1016,106,,biolearn,https://github.com/bio-learn/biolearn,,https://doi.org/10.1186/s13059-018-1514-1,doi,200 ok,https://doi.org/10.1186/s13059-018-1514-1,"McCartney, D. L., et al. “Epigenetic prediction of complex traits and death.” Genome Biology 19, 136 (2018)."
mccartneyldlcholesterol,mccartneyldlcholesterol,2018,Homo sapiens,dna_methylation,other,whole blood,whole_blood,adults,adults,LDL cholesterol,protein_or_analyte,,LDL cholesterol,EPICv1,233,unitless,relative_score,correlate; rank,LASSO regression,bundled,yes,Homo sapiens|whole_blood|adults|protein_or_analyte,12,dnamtl; mccartneyhdlcholesterol; mccartneytotalcholesterol; mccartneytotalhdlratio; pcgrimageadm; pcgrimageb2m; pcgrimagecystatinc; pcgrimagegdf15; pcgrimageleptin; pcgrimagepai1; pcgrimagetimp1,101,22,mccartneytotalcholesterol,0.3202,106,,biolearn,https://github.com/bio-learn/biolearn,,https://doi.org/10.1186/s13059-018-1514-1,doi,200 ok,https://doi.org/10.1186/s13059-018-1514-1,"McCartney, D. L., et al. “Epigenetic prediction of complex traits and death.” Genome Biology 19, 136 (2018)."
mccartneytotalcholesterol,mccartneytotalcholesterol,2018,Homo sapiens,dna_methylation,other,whole blood,whole_blood,adults,adults,total cholesterol,protein_or_analyte,,total cholesterol,EPICv1,204,unitless,relative_score,correlate; rank,LASSO regression,bundled,yes,Homo sapiens|whole_blood|adults|protein_or_analyte,12,dnamtl; mccartneyhdlcholesterol; mccartneyldlcholesterol; mccartneytotalhdlratio; pcgrimageadm; pcgrimageb2m; pcgrimagecystatinc; pcgrimagegdf15; pcgrimageleptin; pcgrimagepai1; pcgrimagetimp1,101,22,mccartneyldlcholesterol,0.3202,106,,,,,https://doi.org/10.1186/s13059-018-1514-1,doi,200 ok,https://doi.org/10.1186/s13059-018-1514-1,"McCartney, D. L., et al. “Epigenetic prediction of complex traits and death.” Genome Biology 19, 136 (2018)."
mccartneytotalhdlratio,mccartneytotalhdlratio,2018,Homo sapiens,dna_methylation,other,whole blood,whole_blood,adults,adults,total-to-HDL cholesterol ratio,protein_or_analyte,,total-to-HDL cholesterol ratio,EPICv1,412,ratio,relative_score,correlate; rank,LASSO regression,bundled,yes,Homo sapiens|whole_blood|adults|protein_or_analyte,12,dnamtl; mccartneyhdlcholesterol; mccartneyldlcholesterol; mccartneytotalcholesterol; pcgrimageadm; pcgrimageb2m; pcgrimagecystatinc; pcgrimagegdf15; pcgrimageleptin; pcgrimagepai1; pcgrimagetimp1,101,22,mccartneyldlcholesterol,0.1601,89,,,,,https://doi.org/10.1186/s13059-018-1514-1,doi,200 ok,https://doi.org/10.1186/s13059-018-1514-1,"McCartney, D. L., et al. “Epigenetic prediction of complex traits and death.” Genome Biology 19, 136 (2018)."
pcgrimageadm,pcgrimageadm,2022,Homo sapiens,dna_methylation,other,whole blood,whole_blood,adults,adults,adrenomedullin,protein_or_analyte,,adrenomedullin,450K; EPICv1,,picograms per milliliter,relative_score,correlate; rank,principal component regression,licensed,no,Homo sapiens|whole_blood|adults|protein_or_analyte,12,dnamtl; mccartneyhdlcholesterol; mccartneyldlcholesterol; mccartneytotalcholesterol; mccartneytotalhdlratio; pcgrimageb2m; pcgrimagecystatinc; pcgrimagegdf15; pcgrimageleptin; pcgrimagepai1; pcgrimagetimp1,101,22,,,,features not distributed for this clock,,,,https://doi.org/10.1038/s43587-022-00248-2,doi,200 ok,,"Higgins-Chen, A. T., et al. “A computational solution for bolstering reliability of epigenetic clocks.” Nature Aging 2:644-661 (2022)."
pcgrimageb2m,pcgrimageb2m,2022,Homo sapiens,dna_methylation,other,whole blood,whole_blood,adults,adults,beta-2 microglobulin,protein_or_analyte,,beta-2 microglobulin,450K; EPICv1,,picograms per milliliter,relative_score,correlate; rank,principal component regression,licensed,no,Homo sapiens|whole_blood|adults|protein_or_analyte,12,dnamtl; mccartneyhdlcholesterol; mccartneyldlcholesterol; mccartneytotalcholesterol; mccartneytotalhdlratio; pcgrimageadm; pcgrimagecystatinc; pcgrimagegdf15; pcgrimageleptin; pcgrimagepai1; pcgrimagetimp1,101,22,,,,features not distributed for this clock,,,,https://doi.org/10.1038/s43587-022-00248-2,doi,200 ok,,"Higgins-Chen, A. T., et al. “A computational solution for bolstering reliability of epigenetic clocks.” Nature Aging 2:644-661 (2022)."
pcgrimagecystatinc,pcgrimagecystatinc,2022,Homo sapiens,dna_methylation,other,whole blood,whole_blood,adults,adults,cystatin C,protein_or_analyte,,cystatin C,450K; EPICv1,,picograms per milliliter,relative_score,correlate; rank,principal component regression,licensed,no,Homo sapiens|whole_blood|adults|protein_or_analyte,12,dnamtl; mccartneyhdlcholesterol; mccartneyldlcholesterol; mccartneytotalcholesterol; mccartneytotalhdlratio; pcgrimageadm; pcgrimageb2m; pcgrimagegdf15; pcgrimageleptin; pcgrimagepai1; pcgrimagetimp1,101,22,,,,features not distributed for this clock,,,,https://doi.org/10.1038/s43587-022-00248-2,doi,200 ok,,"Higgins-Chen, A. T., et al. “A computational solution for bolstering reliability of epigenetic clocks.” Nature Aging 2:644-661 (2022)."
pcgrimagegdf15,pcgrimagegdf15,2022,Homo sapiens,dna_methylation,other,whole blood,whole_blood,adults,adults,growth differentiation factor 15,protein_or_analyte,,growth differentiation factor 15,450K; EPICv1,,picograms per milliliter,relative_score,correlate; rank,principal component regression,licensed,no,Homo sapiens|whole_blood|adults|protein_or_analyte,12,dnamtl; mccartneyhdlcholesterol; mccartneyldlcholesterol; mccartneytotalcholesterol; mccartneytotalhdlratio; pcgrimageadm; pcgrimageb2m; pcgrimagecystatinc; pcgrimageleptin; pcgrimagepai1; pcgrimagetimp1,101,22,,,,features not distributed for this clock,,,,https://doi.org/10.1038/s43587-022-00248-2,doi,200 ok,,"Higgins-Chen, A. T., et al. “A computational solution for bolstering reliability of epigenetic clocks.” Nature Aging 2:644-661 (2022)."
pcgrimageleptin,pcgrimageleptin,2022,Homo sapiens,dna_methylation,other,whole blood,whole_blood,adults,adults,leptin,protein_or_analyte,,leptin,450K; EPICv1,,picograms per milliliter,relative_score,correlate; rank,principal component regression,licensed,no,Homo sapiens|whole_blood|adults|protein_or_analyte,12,dnamtl; mccartneyhdlcholesterol; mccartneyldlcholesterol; mccartneytotalcholesterol; mccartneytotalhdlratio; pcgrimageadm; pcgrimageb2m; pcgrimagecystatinc; pcgrimagegdf15; pcgrimagepai1; pcgrimagetimp1,101,22,,,,features not distributed for this clock,,,,https://doi.org/10.1038/s43587-022-00248-2,doi,200 ok,,"Higgins-Chen, A. T., et al. “A computational solution for bolstering reliability of epigenetic clocks.” Nature Aging 2:644-661 (2022)."
pcgrimagepai1,pcgrimagepai1,2022,Homo sapiens,dna_methylation,other,whole blood,whole_blood,adults,adults,plasminogen activator inhibitor 1,protein_or_analyte,,plasminogen activator inhibitor 1,450K; EPICv1,,picograms per milliliter,relative_score,correlate; rank,principal component regression,licensed,no,Homo sapiens|whole_blood|adults|protein_or_analyte,12,dnamtl; mccartneyhdlcholesterol; mccartneyldlcholesterol; mccartneytotalcholesterol; mccartneytotalhdlratio; pcgrimageadm; pcgrimageb2m; pcgrimagecystatinc; pcgrimagegdf15; pcgrimageleptin; pcgrimagetimp1,101,22,,,,features not distributed for this clock,,,,https://doi.org/10.1038/s43587-022-00248-2,doi,200 ok,,"Higgins-Chen, A. T., et al. “A computational solution for bolstering reliability of epigenetic clocks.” Nature Aging 2:644-661 (2022)."
pcgrimagetimp1,pcgrimagetimp1,2022,Homo sapiens,dna_methylation,other,whole blood,whole_blood,adults,adults,TIMP metallopeptidase inhibitor 1,protein_or_analyte,,TIMP metallopeptidase inhibitor 1,450K; EPICv1,,picograms per milliliter,relative_score,correlate; rank,principal component regression,licensed,no,Homo sapiens|whole_blood|adults|protein_or_analyte,12,dnamtl; mccartneyhdlcholesterol; mccartneyldlcholesterol; mccartneytotalcholesterol; mccartneytotalhdlratio; pcgrimageadm; pcgrimageb2m; pcgrimagecystatinc; pcgrimagegdf15; pcgrimageleptin; pcgrimagepai1,101,22,,,,features not distributed for this clock,,,,https://doi.org/10.1038/s43587-022-00248-2,doi,200 ok,,"Higgins-Chen, A. T., et al. “A computational solution for bolstering reliability of epigenetic clocks.” Nature Aging 2:644-661 (2022)."
dnamstress,dnamstress,2023,Homo sapiens,dna_methylation,other,whole blood,whole_blood,adults,adults,stress exposure,sex_or_chromosome,,stress exposure,EPICv1,,unitless,relative_score,correlate; rank,bootstrap-stabilized elastic net regression,untraced,no,Homo sapiens|whole_blood|adults|sex_or_chromosome,3,xchrom; ychrom,101,4,,,,features not distributed for this clock,methylcipher,https://github.com/HigginsChenLab/methylCIPHER,,https://doi.org/10.1016/j.biopsych.2022.06.036,doi,200 ok,,"Jung, J., et al. “Additive Effects of Stress and Alcohol Exposure on Accelerated Epigenetic Aging in Alcohol Use Disorder.” Biological Psychiatry 93(4): 331–341 (2023)."
xchrom,xchrom,2021,Homo sapiens,dna_methylation,other,whole blood,whole_blood,adults,adults,X-chromosome dosage,sex_or_chromosome,,X-chromosome dosage,450K; EPICv1,,unitless,relative_score,correlate; rank,principal component analysis,untraced,no,Homo sapiens|whole_blood|adults|sex_or_chromosome,3,dnamstress; ychrom,101,4,,,,features not distributed for this clock,,,,https://doi.org/10.1186/s12864-021-07675-2,doi,200 ok,,"Wang, Y. et al. DNA methylation-based sex classifier to predict sex and identify sex chromosome aneuploidy. BMC Genomics 22, 484 (2021)."
ychrom,ychrom,2021,Homo sapiens,dna_methylation,other,whole blood,whole_blood,adults,adults,Y-chromosome presence,sex_or_chromosome,,Y-chromosome presence,450K; EPICv1,,unitless,relative_score,correlate; rank,principal component analysis,untraced,no,Homo sapiens|whole_blood|adults|sex_or_chromosome,3,dnamstress; xchrom,101,4,,,,features not distributed for this clock,,,,https://doi.org/10.1186/s12864-021-07675-2,doi,200 ok,,"Wang, Y. et al. DNA methylation-based sex classifier to predict sex and identify sex chromosome aneuploidy. BMC Genomics 22, 484 (2021)."
garagnani,garagnani,2012,Homo sapiens,dna_methylation,other,whole blood,whole_blood,all ages,all_ages,not applicable,unstated,,ELOVL2 methylation,450K,,beta value,relative_score,correlate; rank,single-CpG score,untraced,no,Homo sapiens|whole_blood|all_ages|unstated,1,,101,3,,,,features not distributed for this clock,biolearn; methylcipher,https://github.com/bio-learn/biolearn; https://github.com/HigginsChenLab/methylCIPHER,,https://doi.org/10.1111/acel.12005,doi,403 publisher blocks bots; DOI registered in Crossref,https://doi.org/10.1111/acel.12005,"Garagnani, Paolo, et al. ""Methylation of ELOVL2 gene as a new epigenetic marker of age."" Aging Cell 11.6 (2012): 1132-1134."
