feature_id,coefficient,log_coefficient
(Intercept),30.7873139,3.87249881475691
cg19623054,0.512754096,0.0268299645597974
cg08493959,-0.114415933,
cg16750801,-0.108455978,-0.00467631441551807
cg11026555,-0.857942435,
cg01610165,1.137235501,0.0244270361687315
cg21863110,0.395141937,
cg02741882,0.23820845,0.00391294087571828
cg02773945,-2.191882296,-0.057548938401432
cg06340161,0.574977534,
cg24258699,-0.036929119,
cg12920180,0.201720522,
cg16969368,1.184350898,0.00564570109506415
cg04503319,-1.431386167,-0.101680438433704
cg13378934,1.155666681,
cg26917540,-0.591620761,
cg22866825,-0.473821456,-0.00330210132967333
cg05142617,-1.015140072,
cg07357157,-0.251506648,-0.0200812114088502
cg22900415,0.3424727,
cg15855170,-0.344448892,
cg17939040,0.986839483,
cg19381766,-0.11240624,
cg19757176,0.109936097,
cg23851167,0.874490624,
cg00931644,0.426426455,0.0151075448298354
cg23520688,3.549296438,0.0310595206557974
cg17485681,0.003063209,
cg20164887,0.047849448,-0.01113394889475
cg13697378,0.308577543,
cg07806886,2.229605141,0.0181761391852508
cg25090514,2.831573965,0.0743397782635191
cg02928699,0.8308249,0.0241694207773142
cg09432590,1.578513514,0.0268282015895832
cg10003262,0.225134696,
cg09105193,0.021929468,0.00538341237142437
cg08915171,0.789189547,0.0188098474667487
cg05516505,-0.109474184,
cg20742389,-0.616351669,
cg01176433,-0.187380362,
cg22856324,0.234137809,
cg09756089,0.576375409,
cg16751357,-0.550244372,-0.0117155632484552
cg11606444,-0.040418597,-0.00488806145842624
cg12173150,-0.461435099,-0.0112575582013291
cg26161329,2.879016746,0.101004499471554
cg06010459,0.019721768,
cg08121652,0.135960623,
cg13610659,0.316859681,
cg10906284,0.296883329,
cg00298324,0.004826299,0.021127497186362
cg03590328,-0.507157478,
cg23973429,0.948773968,
cg23606718,7.184357856,0.0807201038144748
cg00759807,-0.262608573,
cg13785123,0.008382455,0.00224091818066817
cg05351257,-2.340140835,-0.023682265179832
cg10151367,0.382712883,0.0206726388631299
cg22452230,-1.072722888,
cg01235820,0.017699862,
cg27617225,0.278926489,0.00707736019377131
cg27314569,0.294672139,
cg19004465,0.785068563,
cg21845957,0.400526457,
cg07951347,-0.185083573,
cg22894896,1.131688772,
cg25212131,0.070129227,
cg15033140,0.303511019,0.00421315672564377
cg18667659,0.337530064,
cg09605494,-1.555892594,
cg04945331,-1.333449772,-0.0301762169758861
cg08796240,0.076663455,
cg27344587,0.082105736,0.0141714700595073
cg10253847,-0.201101002,
cg03306615,0.115020223,0.00794655908212408
cg24505618,-1.145192434,-0.0140239530239739
cg22796507,-1.064203952,-0.0314725386563977
cg05714552,-1.88334931,-0.0316717134011517
cg20809087,0.64479376,-0.0180115313074217
cg09410607,1.197650523,
cg17757602,1.576229304,
cg14704921,1.061069796,0.0276966448684288
cg24750513,0.016695416,
cg16703882,2.312805599,0.0374734769568676
cg21927946,1.306293162,0.0871711696210146
cg14514483,0.607910097,
cg23904955,0.123423131,0.00212160758889396
cg17384889,-1.188147079,-0.00346476673235377
cg09984392,1.667330066,0.00499976282782706
cg22382836,0.468371937,0.019115013142368
cg04021697,-0.353064198,
cg16000989,0.040324786,
cg12307638,-0.007060452,
cg11039694,0.163991421,0.0182502339246535
cg04328762,-1.400622688,
cg01620164,-1.386177711,-0.0183887300059421
cg00135497,1.165663688,0.0086633251960645
cg00593900,0.091443699,0.00493410559833215
cg21139325,0.062203878,
cg16061228,-1.37982336,
cg00664406,1.098270749,0.0169454140506254
cg14660788,0.342285354,
cg14692377,0.84934556,
cg04462774,1.246591093,0.00996970059762293
cg10244666,-0.157748739,-0.0189748553783827
cg00001583,-0.166219308,
cg10107890,0.092582439,
cg23039195,0.312756815,0.00538993794219292
cg14481208,0.221790623,0.00476737002015618
cg08770961,-0.23368468,
cg09692396,-1.107303878,
cg00143364,0.146554679,
cg21570988,0.481810527,0.00215809162529919
cg24151926,-0.178217802,
cg21467614,-1.620825859,-0.0203761182586376
cg19227031,-1.09941818,-0.00149736207648409
cg08428292,-0.371619529,
cg05991454,1.411812323,0.0153216871187946
cg02519751,0.193096411,
cg06419846,1.802476214,
cg17100943,0.422358932,
cg09224393,-0.061200994,
cg16480692,0.257754693,
cg19127283,2.01898751,0.00707854656210432
cg16448702,0.004803572,
cg02711397,0.369630142,
cg11324116,0.497209061,0.000829108572620726
cg07687131,0.099351141,
cg13609385,0.631015943,
cg26775087,0.04732457,0.024503368246112
cg03054277,0.491582506,
cg04400972,1.520841978,0.025262816417205
cg09867669,-2.247038589,-0.103751071462064
cg26612409,1.629638855,0.0521126845578098
cg11714320,-0.975542011,
cg15046818,0.062411627,0.0534188830522664
cg04748223,-0.140943328,-0.0132558489171792
cg15027907,-0.614187097,-0.0121355607075187
cg22703659,1.112861296,
cg06782035,0.362856891,-0.0123400378072538
cg16941122,0.361040226,
cg03614193,0.52205849,
cg09693106,0.098857093,
cg22708738,1.125661822,0.0190892886192105
cg07207652,0.706674587,0.00854903862536495
cg04036049,0.654697959,
cg26985878,0.037547975,
cg05677062,0.810130644,
cg23169957,-1.554001738,
cg13247398,-0.694903008,-0.0267661751217484
cg15311822,0.353617718,0.0572506164026845
cg25482146,-0.191567773,-0.00836682313793554
cg20294304,3.181259853,
cg14781189,-0.238922568,
cg01022974,2.016897268,0.0147150504346798
cg16860882,-0.193544325,
cg18406197,-0.442522885,-0.0174314933598691
cg13673164,0.923015379,0.00710794012940338
cg07544187,1.14731592,
cg01242348,0.064314165,
cg01435643,0.433575479,0.0125808481712323
cg02891728,-0.920900024,-0.00550369253766651
cg06815976,0.406074673,
cg19732154,-0.756865061,
cg09520857,-0.281742443,
cg22904711,-0.50535396,
cg25514148,0.568142021,
cg04599026,-0.109354558,
cg04937184,-1.103985562,-0.0102590908038472
cg10071824,-2.315962961,-0.0114403769927302
cg23461615,0.22043581,0.0105716890156684
cg19809499,-1.256304567,-0.0733103728195901
cg20315346,2.60265234,0.0397587562316706
cg08939850,0.180192715,
cg06957447,-0.8941698,
cg08928882,0.967854659,
cg24531022,1.605977679,0.0291529582612896
cg05790451,-0.236010808,
cg16745829,0.365807583,0.0204169746037599
cg12889594,-1.874951863,-0.0458944167766471
cg18942934,-0.493383099,
cg26967842,-0.424122785,-0.014090376594871
cg00220952,3.657836423,0.0123345540239617
cg09977718,-0.320995625,
cg21205288,-1.10842961,-0.0937091864209709
cg07739179,0.446444698,0.00443386373851977
cg17801295,0.36688726,0.00817823789990819
cg16409562,-0.253326898,
cg04137490,-0.355488245,
cg18146737,-0.463814797,-0.0067895835308325
cg20426994,0.543030752,0.0539916073645466
cg14315334,-0.317502668,-0.006080030155639
cg07336350,1.570413733,0.0223317058200651
cg23781334,-1.1322418,-0.0428241047918314
cg03485674,0.920936893,0.0151071375258772
cg15638292,-0.140469462,-0.0110626040931828
cg22158769,2.817632626,
cg03120289,-1.833852929,-0.0219821967713592
cg13786089,-0.063948472,
cg11766468,1.251678322,0.0548496911216045
cg18807071,-0.445892147,
cg19220719,-0.412454888,-0.00400587863121835
cg26656658,-0.330696951,-0.00779000031074008
cg23995914,1.223582583,0.0217648346435612
cg18062721,-0.682503578,
cg11580676,1.197836587,
cg03277049,0.334293519,
cg00548708,-1.361995489,-0.000928197977597593
cg08097614,-0.998350647,
cg04027548,-2.366723807,-0.02244180293968
cg26307926,0.10137444600000001,0.0284299576315921
cg21558509,-0.201702158,-0.00576531403984924
cg18369516,-0.102776987,
cg21158737,-2.596140218,-0.0604380253921352
cg10375078,3.35958683,
cg23040424,-0.733936954,-0.00842483070221183
cg06381803,-0.100207327,
cg12058372,0.164563949,
cg16909962,2.061742182,0.0638318694117426
cg26296488,-0.393924382,
cg16659510,-1.829186106,-0.011950938868207
cg10909801,-0.351535895,
cg06965409,-3.742297299,-0.026570458303173
cg17471939,0.178041626,0.00830145095778397
cg13868216,0.026420652,
cg17189465,-0.181614191,
cg10947408,-0.627878719,
cg11970204,-0.347747953,
cg12807330,-1.37595484,
cg16938363,-1.001028399,
cg01867395,0.538744369,0.0363113952124026
cg08424749,-1.627370255,-0.000940268425636383
cg14036830,-0.725237133,-0.0190009634868474
cg16226962,-0.419689965,
cg13523236,-3.294761232,-0.0398230796163514
cg00159523,-0.025845072,-0.00485904374703404
cg19029181,-0.016633788,
cg26916576,-1.867767235,-0.0500793341949713
cg05800339,-1.340598152,
cg06829686,-0.513530878,
cg27365627,-0.278208039,
cg11183227,-0.520611156,-0.00323846725796132
cg08136809,-1.010328012,-0.0159810626831398
cg11609556,-0.104352762,-0.00729008561575952
cg21709871,0.110252742,0.00637777444050479
cg14993283,-2.635191405,
cg18337222,-0.603670604,
cg14441480,-0.039116512,-0.00539430489403623
cg27493411,-0.876636218,
cg15168727,-0.745471757,
cg09848638,-1.452173637,-0.0174496684109698
cg11051055,0.235857818,
cg26110883,0.555523573,
cg22139166,1.131380964,0.0177707859552743
cg00794400,-0.453702221,
cg16053651,0.357346622,
cg22994198,-0.070464478,-0.00137314914279985
cg16419235,2.897792673,0.0617343408301759
cg22521333,-1.984144344,-0.035961878440003
cg27274542,-0.203316057,
cg26445541,-1.564960788,-0.0155422937034269
cg06889971,0.81339587,0.0175116477451512
cg03575969,-0.818748299,-0.0186175711967048
cg21030719,-4.006671178,
cg17243628,-0.884966991,-0.0284488404183483
cg12546181,-1.258216607,-0.0664624318694106
cg02367696,-0.474667183,
cg04164838,-0.05649816,
cg21638161,-0.034809376,
cg13381984,-1.009641802,-0.00827548485212691
cg09636302,-1.268201402,
cg08708229,-0.031476493,
cg02631838,-0.866834516,-0.0217338257705463
cg08621778,-0.117778582,-0.0121626750128796
cg10655021,-1.156297349,
cg16284674,-1.128772436,-0.00212934354919987
cg12227172,-1.641357689,-0.0433237870011282
cg17540192,-1.28213301,
cg26664161,-0.19582494,-0.0323986100773226
cg14644204,-2.261251186,-0.0313966670128223
cg22821355,-0.143370633,-0.00356380688133225
cg06594404,-2.820895931,-0.0138907984154089
cg10148764,-0.332148414,
cg06893273,-0.659358612,-0.00454619865023067
cg15243578,-1.332836894,-0.0414028080670671
cg09050670,-0.697192948,-0.0021247984230598
cg16047279,0.28616975,
cg02001279,-0.410340027,
cg01942790,-0.849606106,
cg05997730,0.017816317,0.0063036512640472
cg21869046,0.344599919,0.00624209440469953
cg14562426,-0.256404124,
cg18043267,-0.123901575,
cg07140497,0.016166764,
cg07201996,-0.324020792,-0.00131409255902019
cg26354128,-1.44475373,-0.00347114520305326
cg25778262,0.566836454,0.0106003401100282
cg06744585,-1.277354487,-0.0348940410225531
cg03036557,-3.132156207,
cg18956549,0.147844846,0.0469907532141268
cg14811319,-0.270857115,-0.00349295590928831
cg11717597,-0.641926441,
cg12348202,-1.436190674,-0.0186737720189509
cg12473406,-0.670808313,
cg22608646,0.58203366,0.00770511282189252
cg11145772,-0.465543762,
cg08876481,-0.450499583,
cg10276227,-0.655383165,
cg27561907,-0.127287674,-0.00263207742161211
cg05675373,-0.409792065,
cg23189410,-0.436807084,-0.000401120060085256
cg13458609,-1.50509279,
cg24695071,-1.094007155,-0.0125381368579785
cg01975495,-0.963082358,
cg19051213,0.001412052,
cg08801479,0.6258938,
cg17469479,-1.193097288,-0.016151313501797
cg24789467,-0.563841871,
cg19977966,-0.746614472,-0.00195570539462932
cg05412028,0.372066828,-0.0979333345922327
cg07895132,-0.908304978,-0.0155452521260943
cg22365240,0.053263134,
cg01323777,-0.023704464,
cg04977528,-0.405450375,
cg01890836,0.035130521,
cg19163067,-0.630549495,-0.0021352329836793
cg13285174,-0.608260653,-0.00181027038674642
cg18247055,-0.773926267,-0.0182727642673882
cg27578811,-1.272898825,-0.0101979510929231
cg13026550,-1.357033266,-0.00698453353597573
cg22169990,-1.698841956,
cg13307058,-0.638873661,
cg17783401,0.26600536,
cg12681784,-0.621154255,
cg22985172,-1.008227449,-0.0122780237683152
cg12468774,-0.405973774,-0.000342071857880568
cg08183425,0.650164314,
cg11409350,-1.128679406,
cg02010738,-0.53247053,
cg14858786,-4.858303921,-0.0761457165568939
cg10900641,-0.744861326,
cg13832604,-0.869145562,
cg24612059,-1.198538574,-0.0423793630649208
cg01135780,1.655150496,0.00891253301064583
cg18643199,-0.145181238,
cg26578983,-0.305009949,
cg18126442,-1.788293941,-0.0142838125633518
cg13983686,0.284199612,0.0265715017708546
cg04047221,-0.645441549,
cg24159247,-1.665262559,-0.0339294079684385
cg06505619,0.801689724,
cg27287951,1.248011187,0.0329645268967332
cg09854615,-2.390716156,-0.0482349412388325
cg18279094,-0.083506299,
cg26751645,-0.078042501,
cg11868595,-0.701269009,
cg16830930,-0.233308568,
cg18034295,-0.391834568,-0.00831099875826926
cg14245804,-0.33099956,
cg17017591,0.139002057,
cg09482050,-0.8530782,-0.0122676652035978
cg18468088,3.598726618,0.0701677893058911
cg09578937,-0.650461368,-0.00819865096386303
cg19025811,-1.772514726,-0.0246716387213188
cg08327269,0.18582092,
cg25276892,0.658083929,
cg27466532,-1.516487649,-0.0461038818313266
cg08079908,0.614187895,9.4823177763457e-05
cg05196366,-1.771692601,
cg25967031,-0.370115843,-0.0122470066922787
cg13980609,-2.065629767,-0.0114530753713943
cg23060513,-0.879439962,-0.0122631911978078
cg12226028,-0.747819126,-0.000443721162927575
cg24543696,-0.184761738,
cg23998119,0.09262828,
cg10690919,-0.119046286,-0.0127782502183128
cg08386692,-0.066961109,
cg08690859,-0.687221921,
cg12229367,-0.712923107,-0.00360129808230818
cg07957458,-0.974926457,-0.00167689280489682
cg08973950,-0.208477216,
cg01915516,-2.354182576,-0.0108816756155472
cg16080125,-0.001749725,
cg10137837,-0.02455719,
cg05978306,-1.454346935,
cg23471393,-0.410882472,-0.0091287636304156
cg25792518,-0.395090315,-0.00334249834179334
cg10729426,0.066337061,0.0146692104454346
cg14066298,-0.586824692,-0.0105524603280237
cg13439596,-1.659472372,
cg17480760,-1.315156897,
cg15296767,-1.773725767,-0.0312279738877077
cg23305899,0.050255086,
cg06078467,-0.318980829,
cg24852565,-0.569273442,-0.0176752485684381
cg08957484,-0.35905878,
cg09667606,-0.922686515,-0.00855451425729287
cg04218812,-0.511717725,-0.000670237980649302
cg24436906,0.103296694,
cg02016130,0.363333607,0.024738826304113
cg19172447,0.67829999,
cg17484671,-0.506363733,-0.00461751567257166
cg11082362,3.229490413,
cg25078444,0.00230378,
cg25499099,-0.884468218,-0.0157420451098825
cg18964590,-0.253487094,
cg15030849,-0.372082783,-0.0132492748017279
cg16641055,-0.226772773,
cg15971496,-0.382787452,-0.00419727206973381
cg02863489,0.354381245,
cg14228484,0.170124285,
cg27552679,-1.571919696,
cg06125903,-0.13484959,
cg26746936,-0.47342219,
cg24928391,-1.282271826,
cg06970884,-1.760420616,-0.00831372157647116
cg11969813,-0.067411438,
cg01055696,0.360082185,
cg06894628,-0.211631096,
cg23934927,-6.333280125,-0.0242363058785243
cg26073542,-0.512600718,-0.011588305267231
cg10505257,-0.167558896,
cg07573872,0.557225352,
cg13876222,-0.553109702,
cg02869559,-0.958823501,-0.0108554036996991
cg14352586,-0.840342511,-0.0128601985545096
cg17163527,-0.056199679,-0.0513348839203115
cg05118960,-0.704434991,-0.0485845746404588
cg14338526,-1.109251351,-0.0199969936560654
cg16312514,-0.273093278,-0.137657309469583
cg02577387,-0.152427069,-0.00605750835188814
cg04875128,1.424529098,
cg14203118,-0.076929574,
cg17010827,0.158440829,
cg03776506,-0.002142629,-0.0114865655385105
cg07134632,-1.177765725,-0.00431554725485461
cg26675395,-0.000616264,-0.00224744193204275
cg13300273,-0.506667428,
cg02097604,2.33517251,0.0437323084760033
cg16776981,-2.091175735,-0.0214637140966729
cg08358907,-1.21565636,-0.0141105924378261
cg02867242,-2.113918915,
cg21469707,-0.318890893,-0.0304079988440695
cg13498289,-0.55511679,-0.0589690652985137
cg11299854,-3.294845829,-0.0913985075396083
cg10366093,-0.851345593,-0.00546210837212145
cg06765217,-2.898398787,-0.0189978899783887
cg23632752,-0.723472381,-0.00721744024686859
cg07068382,-0.652011839,
cg21182108,0.076693222,
cg08380252,-0.330574999,
cg07675031,-0.86661267,
cg23346544,-0.65839538,-0.0631189035072344
cg17285931,-1.003938102,-0.00208401630552409
cg18655522,-0.266038575,
cg16615829,-0.478324518,-0.0142978612855538
cg03581459,-1.373216777,
cg12530994,-0.409802794,-0.00103248315654611
cg11900509,-0.001833046,
cg20299697,-0.182997791,
cg11705975,0.732746381,
cg23368787,-0.134773486,-0.00801477701305717
cg09126090,0.034633148,
cg03301200,-1.124322056,-0.0248733090715352
cg01101459,-0.961945699,
cg07522194,-0.080473169,
cg15996534,-0.029940424,
cg12946660,-0.114851527,
cg24830730,-0.164416511,-0.00331121377962341
cg26963277,0.036451005,
cg07553761,2.42029214,0.0538570694271244
cg02231404,-1.382792153,
cg16019898,0.099693489,
cg12800803,-1.358279885,
cg22084642,-0.083892404,
cg14911690,4.081560693,
cg13832290,2.705006487,
cg05650846,-0.215495909,
cg02085507,0.02080304,
cg09401099,0.18434807,
cg02150077,-0.811568468,-0.0305464837277803
cg21186299,7.644175768,0.0148766777927395
cg11738976,-0.291810118,-0.0119800763530042
cg25397922,-0.789536704,
cg06105699,-1.36141684,-0.0086952976556724
cg01571001,1.558303808,0.0013585781078607
cg10864319,-1.944056668,
cg23051349,-0.075038283,
cg12634306,0.26632249,
cg19283806,-0.843045429,-0.0321983344186875
cg19721065,0.007734378,
cg13389502,-0.582444254,-0.011927750668752
cg07159958,-1.389305803,-0.00106178594433663
cg09887059,-0.225238108,-0.00576743088775187
cg18318878,0.343679816,0.000202872760842411
cg13187188,0.73542437,0.000879409730464716
cg23901918,-0.31649926,
cg16038120,0.262822988,
cg16497398,1.227526395,0.0152190646331937
cg10111599,0.082973306,
cg15900248,-3.480446147,-0.04466885213361
cg14349763,-0.730898554,
cg15701612,0.818527438,
cg23471348,-0.161869702,-0.00743926692399115
cg13782301,0.273111098,
cg15071611,1.206545763,
cg12685846,0.717867791,0.0102446961906129
cg05576245,-0.051467682,
cg08934126,-0.032128345,
cg00033551,1.141912292,0.000356689062770545
cg24862514,-0.020577959,
cg12071888,-0.131530101,
cg11176990,7.55227923,
cg05661282,1.141280029,
cg03899510,-0.561691656,-0.00605999785284026
cg12013591,-0.088765577,
cg21228424,0.452505426,-0.0145479971623362
cg16481791,-0.467712869,
cg06829968,0.248936459,0.0174708852029394
cg14556303,3.230647443,-0.0051562927491398
cg25933341,0.704350877,0.00515769697669577
cg03126058,-0.655359911,
cg22268271,-4.152566025,-0.122378845823993
cg21159993,-0.688748928,-0.0117723246773113
cg05542681,0.963010298,
cg11204212,1.035612498,
cg10501210,-6.509762772,-0.0920939587844883
cg17694795,0.178760648,-0.0193981052557952
cg03512248,0.055285024,
cg00711896,2.031660095,0.0397945594120619
cg16832267,0.725635648,
cg06749872,-0.214833785,
cg08186900,0.091938871,
cg07171111,3.756011527,
cg07962934,0.112476715,
cg01574513,-0.273262699,
cg14176752,0.050047446,
cg08387014,1.087337209,
cg00448707,1.020627122,0.0041970107444905
cg04848343,0.012512238,
cg18322569,0.325083287,-0.00830353278520715
cg03655395,-0.50666008,
cg09022921,2.775383508,0.0274243732448709
cg22353329,5.86383955,0.0996080172989116
cg01877778,4.358257642,0.0671955540406037
cg20569855,0.280096513,
cg23575858,0.100379611,
cg08377398,-0.591549162,
cg18316974,-0.00619668,-0.00141930202197494
cg06700146,0.990760469,
cg00779065,0.720752941,
cg17511968,-0.413682195,
cg13473356,0.556422032,
cg13322252,-0.347752113,-0.00480636247906627
cg17158913,0.788012751,
cg06391982,1.388619886,0.00219447417776132
cg23752923,-2.567213661,
cg04749646,0.563167448,
cg17386710,3.468396136,
cg08039301,1.992526357,
cg09515953,2.245460805,0.00370201693939714
cg21383487,0.570564817,0.0105824110420539
cg07804973,0.68821062,
cg18556834,1.727918623,
cg15970666,1.104174092,
cg11930114,0.388737914,
cg20493718,1.775312254,
cg03931865,-0.11331889,-0.0089107745230239
cg10967866,0.177582351,0.00450666064303606
cg20625967,0.201905217,
cg13939055,0.198693554,
cg15341124,0.562238342,0.00415007860524379
cg04074140,0.394600838,
cg18280125,2.754951983,0.00115006082349665
cg11909748,0.881384301,
cg23220823,-0.304006187,
cg27375378,0.34879738,
cg26685941,-2.106018778,-0.12493019042181
cg19821713,0.182917072,0.00241119465648649
cg01542019,-1.07789603,-0.0442026654589339
cg23043544,0.256930212,
cg14851263,0.160797482,
cg22434506,0.029281886,0.0186457089031416
cg26003909,0.444518625,6.76186484968194e-05
cg02051239,0.126590402,
cg06784991,4.896102709,0.0656277401615758
cg07047570,0.310953279,
cg09965668,1.215454629,0.0313539164322195
cg04212285,0.608362962,
cg26330518,0.878112292,
cg01510388,0.960354887,0.0148509362309437
cg09084391,1.242935244,0.0178868345485959
cg16385335,-0.101181355,
cg00415665,0.609854148,
cg08169949,0.677782847,
cg08399733,1.052618641,
cg21394171,0.191713356,
cg26845300,0.208995137,
cg23445461,2.719468036,
cg19401340,3.725952038,
cg24497732,2.086759668,0.0511468196533728
cg26734888,0.103758846,
cg04116545,-5.228424991,-0.0822243063332845
cg17810176,0.449486063,
cg00233028,0.146310439,
cg25050951,0.730018001,
cg04388919,0.010660941,
cg27252164,1.0677198,0.0206767182627162
cg26648465,0.301780825,
cg12728588,0.678783034,
cg14615927,0.052658811,
cg20697025,1.330564919,
cg05449217,0.343335887,
cg25241559,0.901685709,0.102503476384592
cg20601192,2.742079513,0.0557514328954924
cg12873476,-0.620334323,-0.0501674607055239
cg02067712,0.165903217,
cg12400336,2.250312936,0.0189339628236925
cg06768361,0.56572776,0.0156509069574377
cg00176863,0.981216619,
cg03775416,0.083015133,
cg12848065,0.268856543,
cg07060551,4.246181338,0.0765355698554831
cg15254559,0.012246292,
cg03738025,1.200144558,
cg19473656,0.762460135,
cg10640944,0.96388282,
cg04961582,0.665966224,
cg07135614,0.007969924,
cg15746851,-1.062210571,-0.0194951632016552
cg18476766,0.049491264,
cg10964367,1.255779308,
cg13846270,1.108033968,0.0156217547014359
cg05349062,0.834587209,
cg22728904,0.024228597,
cg15690475,1.363643528,
cg21566642,-0.731270732,-0.00660584961117305
cg20660269,-1.648207003,
cg15043384,0.540465421,0.0051443751453521
cg06192381,-3.157191799,-0.028881826169583
cg03342928,0.613350115,0.0198924157650623
cg01966117,-1.057257842,-0.00712688505959855
cg24830898,0.079038677,
cg19075225,1.208119478,
cg02213678,0.343082045,0.02797611072805
cg14557185,0.802844986,0.00506497583380812
cg15205547,0.683726206,0.0222946823010313
cg04547675,0.099850669,
cg08527324,-0.126897053,
cg11310693,-0.0332295,
cg05184016,0.259459509,
cg12597389,2.876609523,0.0371475896557226
cg16644497,1.979468646,
cg08046044,0.75793137,0.0337011491475225
cg03987199,0.136850289,0.00401791018207106
cg05928290,0.605183369,0.015025438892552
cg11747349,0.258371534,
cg21063716,0.036202714,0.00328372322772343
cg18136895,0.109559643,
cg00384539,0.588423137,
cg05259891,0.959061443,
cg06145800,0.681594989,0.00640218552381543
cg07955995,6.790049145,0.0101547820958478
cg21887193,0.847263284,0.0348745196629343
cg09944697,0.627667793,0.0143519716595032
cg07996594,2.674627281,0.0209015402091565
cg22078805,0.080272461,
cg14343513,0.224285301,0.000145305472100456
cg13917614,-0.222124426,
cg25129541,-0.750039194,-0.0188815290664739
cg06679494,-1.499861931,
cg17916490,1.512601771,
cg08438435,1.12560726,0.0380176709373622
cg04894619,1.846781993,0.00596880374666798
cg00565688,0.939413043,0.0210578834221577
cg17890940,0.146189341,0.000212055532669811
cg18031326,0.016749631,0.0126923675259134
cg04440361,0.087439979,
cg07005055,0.660501677,
cg17804348,0.74876928,0.00121055853496468
cg06937409,0.748119575,
cg17510385,2.320636783,0.00412830856518379
cg10338787,-0.25757486,-0.00980951734245559
cg07923390,1.349775777,0.0617872990903363
cg00711496,1.206650695,0.00218114478565914
cg26305504,0.436153013,0.0193703846845723
cg14556683,1.354828891,0.0625040572990393
cg10804656,2.492393532,0.0449225435463875
cg25235958,0.312335608,
cg04908625,0.616415967,
cg02552255,-0.171808155,
cg06230805,0.056151938,
cg19324997,3.026812782,
cg06279276,0.529054062,
cg12737938,0.217116696,0.0226736227787329
cg27432653,0.835710475,
cg18315935,0.232055484,
cg04940570,3.709046319,
cg23479742,-0.814205296,
cg25527618,0.842955355,
cg23051272,0.419112071,0.0107807643948921
cg09864227,-0.52558428,
cg24932788,-1.644276285,-0.0405800348770473
cg17216759,0.947558256,0.0163872008452301
cg10843343,-0.600215555,-0.00867048203725284
cg25806701,-0.412267213,-0.0218223320577563
cg20251225,-0.346415062,-0.0328800906689513
cg15609237,1.850335846,0.026610366582856
cg16867657,12.5935601,0.403665262723461
cg12811871,-1.079420138,
cg20879085,2.470642824,
cg18482303,0.165736389,
cg19046826,-0.44043833,
cg21375204,-0.431850779,-0.00905877744232035
cg17326555,0.511961272,
cg23016129,0.154202756,
cg18445088,1.37756676,0.0257667055336537
cg01354961,0.187885169,
cg05949667,-0.165511031,-0.0105455959209499
cg23740758,0.539291151,
cg13647155,-0.17608232,
cg07642566,1.369042222,
cg05301188,-0.044211529,
cg21159778,1.610427576,
cg07769588,-0.155798518,-0.00155966940839908
cg14621254,0.357000443,0.00352484071352612
cg22282410,1.435126533,0.00523223447110994
cg03078400,-1.269416745,
cg25921813,1.002006172,0.00889585169366379
cg04187185,-1.480704241,-0.00624764183220709
cg14614094,2.71757224,0.025097304734964
cg14757228,0.076108789,-0.0169679000143096
cg11429111,0.611486963,0.0159649692377008
cg00034101,0.265417778,
cg21483700,-1.20989016,
cg14746276,-2.828653772,-0.112577886417781
cg10580293,-0.848127791,
cg09614389,0.812239778,0.0126399029464274
cg16279084,0.010147368,
cg19070894,-0.762116019,
cg03760191,2.108424697,0.0914564842311701
cg15404665,0.173257061,0.0167720005535105
cg04605980,0.403868774,0.0105076326853169
cg15133018,0.15846923,0.0132172611257817
cg01873886,2.024211879,0.0344834919837132
cg02479575,1.471475249,
cg08157575,-0.261864166,-0.0124637214030237
cg24222580,1.389873787,0.0383324038330883
cg15154047,0.445860095,0.00896152245904247
cg10591771,0.015706242,
cg00094518,1.24254627,0.0069775842439938
cg10281977,0.038569625,
cg11538641,0.676535167,0.00223492994348787
cg24125828,0.959085211,0.0256878846910429
cg22138735,-0.465952025,-0.00173752313212048
cg09935271,-0.644527906,-0.00802638273143901
cg08715791,-0.461330323,
cg11006267,1.194770585,0.0105003600341758
cg14567917,0.221797322,
cg15219145,0.609562366,
cg11468085,-0.620276343,-0.0159145164035412
cg22454769,2.8301505,0.121592602489317
cg02755525,0.308307635,
cg26027669,0.475377351,0.00332720456452615
cg21084284,0.914317931,
cg27649348,-1.704284547,-0.0114416833676276
cg08151705,0.239155373,0.00573871760558468
cg15504461,0.678573945,0.0230480905446406
cg23689227,0.793961794,
cg27455578,-1.387772783,
cg06062378,0.471130728,0.00165618744108274
cg04955914,-1.665788293,-0.00489215360626321
cg01083131,-0.087164052,
cg16115072,0.283503036,
cg05988548,-0.786852149,
cg27499860,0.509229595,
cg20797216,-0.100547591,-0.000629942385300637
cg13849525,-0.013746375,
cg17837191,1.103377614,
cg10240148,-0.020348226,
cg05926722,0.680554716,0.0197786652330443
cg17782713,-2.656799657,-0.0214307256707559
cg24853724,1.444796154,0.0095739970960949
cg01498832,0.893912018,
cg12592359,2.145563783,0.0311313897122819
cg02978139,1.419265029,0.0242250092335103
cg04546097,1.357949723,0.000190655620431737
cg18123677,0.456732037,0.0131116743544375
cg22700848,2.356351807,
cg20674658,1.165955775,0.0369431977049465
cg11885433,0.797934221,0.0360062936932659
cg11529128,1.362308667,
cg27209578,2.112196052,0.0883298804744262
cg13435326,0.809429453,0.028233422581026
cg10538146,0.952322641,0.0284216769271618
cg05296818,1.789122871,0.0135220735630915
cg17156534,0.538342592,
cg19533955,1.061565639,0.0244538772352593
cg08022543,1.475239444,0.021192751175468
cg04646282,4.908937714,0.0957630171545598
cg16764274,3.522380747,0.0478994002171092
cg25462189,1.036416261,0.0153515699080831
cg05661982,0.293968684,0.0380449529871494
cg08615650,2.454175477,0.0727292851361557
cg06092729,-3.140425588,-0.125137069810039
cg08593157,0.292586982,
cg21702188,2.66297631,
cg14392653,0.136134575,
cg10691109,0.180455443,0.00111183766795677
cg07536102,1.982849142,0.0516987666663787
cg09100343,0.135584126,0.0665998254586357
cg11661281,0.215796789,0.0455972118182735
cg17496921,0.197150304,0.00380993290558074
cg04408858,0.429371489,0.0136556184799291
cg01067137,0.373332005,0.0123580797048438
cg27412975,0.563104399,0.00114522396150782
cg16649560,1.04012826,
cg26196496,1.125749506,0.0147779619600814
cg25709146,1.617447333,0.0383211907963687
cg20010135,-0.077965599,
cg10681065,0.93636831,0.0191186384109274
cg25427880,1.954080437,0.0642381280452213
cg27422507,0.165760067,0.0107819799114405
cg20733077,0.256907602,0.00524919628336805
cg24427724,0.887150613,0.035174495624307
cg20344388,1.190386427,0.0117221391969159
cg06329491,0.624600858,0.0157508360756884
cg08382072,0.644471701,
cg17069533,0.835170351,0.00951966314574389
cg20761853,0.673983458,6.14221904168851e-05
cg18811819,1.984101007,0.0105803721074169
cg18369325,2.756163385,0.0536596780455169
cg08985885,2.356964844,0.0218504901587633
cg27246571,0.346908074,
cg26325867,-0.046543799,
cg14523574,0.060064324,0.0374449806604091
cg14999189,2.507225606,0.0765420703228805
cg20923885,1.021059809,0.00967620412814313
cg01695994,1.525743087,0.0861328367296551
cg07298547,0.062498045,
cg20948740,1.571192085,0.017799405780086
cg23482898,0.01105467,0.0220237000292655
cg03032497,2.178537955,0.0636195485829106
cg03523785,2.372701186,0.0545014087326874
cg00575672,1.119400262,0.0179940560010053
cg03266686,3.729892596,0.0457964874321281
cg25361506,0.057856484,
cg13645954,0.726924059,0.0126750847199407
cg10658666,3.356416886,0.0623708236359046
cg05546763,2.22125984,0.0504770470412082
cg20898283,2.030181464,0.0494090691764894
cg05578595,0.336274218,0.00531636897369838
cg15457899,0.082354902,0.0107097456040714
cg14900031,0.890983884,0.0279704658811886
cg14102437,0.555469109,0.0653692640156206
cg20319926,0.847244599,0.0196798487641679
cg25426867,0.114876248,
cg08280936,-0.042493123,
cg23045972,0.345998342,
cg02451670,0.203623268,0.0116987418986876
cg13022222,0.246061106,
cg23594345,0.233431948,0.018201662106722
cg13824500,0.309018324,0.0043890606595651
cg10317164,0.683244448,0.00316519507049021
cg14373068,-0.529938532,
cg22358580,3.287890903,0.0886245599960194
cg08521967,0.833377749,0.00375376257149519
cg06574422,2.352981609,0.0434519604630076
cg20936529,0.054924526,
cg09178261,1.150213111,0.0414786943932213
cg08688043,2.051061073,0.0225206372147619
cg05339037,2.987931444,0.0357855240397162
cg23004527,2.019932286,0.0709978795061932
cg15252509,0.180826067,
cg15415507,2.358947499,0.0160309585168154
cg09763439,0.077595168,0.00246700845427848
cg01894064,0.270821337,
cg23303074,-0.605592218,-0.0513411804951025
cg21780428,0.499396525,0.00658205146937059
cg11649376,-3.054056857,-0.136992594564706
cg05318503,0.055661293,0.00862444082715376
cg23008153,-2.310245402,0.0418219843085895
cg13289579,0.936845714,0.0263523087528751
cg24731111,-1.321194076,-0.110822053833294
cg24105685,0.821122586,
cg26468891,0.207125897,
cg08005460,0.003479426,0.00442213410451441
cg01276475,0.060804933,0.0202765037984813
cg07452306,1.82789574,0.0218779005102541
cg07342322,0.955935829,0.00767452235394464
cg11271171,0.833933039,0.00825927187995172
cg19756313,0.876646347,0.00405003168978357
cg01426818,0.958890213,0.066131440190051
cg06846976,0.051512258,
cg04658615,0.532080329,
cg09906752,-0.396781397,
cg24890964,4.01279566,0.0418358884966439
cg01894508,0.749237417,0.0153609786531282
cg04359840,0.026188388,
cg01163369,0.372466946,0.0106145197577016
cg15900052,0.840889035,
cg12948621,0.309640763,0.0107036887322951
cg04987734,0.378495988,
cg09099868,0.389818256,0.0336713967663859
cg26219540,0.324378018,
cg21577356,0.184647527,
cg04036920,1.312173623,0.0163510318330472
cg06474661,-0.500631143,-0.00967987083530411
cg07875215,0.244069617,
cg05339633,0.628139183,0.0242383362037901
cg27660720,0.648564303,0.0158528005852381
cg00088797,1.266524034,0.0106296590748497
cg12307200,0.292331345,
cg21106695,0.061467163,
cg13046853,0.69582347,
cg08220120,0.445583463,0.0122792262542139
cg23510764,-0.695180502,-0.0499898243808762
cg00878605,0.226876792,0.0181329572977521
cg04980928,0.333387908,2.23892012415203e-05
cg00745389,0.000755094,
cg04084157,0.566761253,
cg02114954,-0.090284886,-0.00431575936625611
cg01511232,0.564175602,
cg15246619,0.895326894,
cg03286535,0.33481414,
cg10495047,0.012386591,
cg02441474,0.145827405,
cg14099457,0.178934551,
cg21632975,0.444781134,
cg11124130,0.153502464,
cg09975367,0.045539154,
cg12453631,0.554341209,0.000890745739903043
cg04794690,0.42747221,0.0159097068437906
cg05425754,0.765174787,0.0477573888896132
cg12217291,0.328347266,
cg06818777,-0.649090574,
cg21024112,0.956005738,
cg00866476,-1.622174731,-0.0374646510797631
cg08904363,1.216959143,0.0336316249480788
cg24024660,0.880038363,0.00815355089650173
cg06868946,1.038808766,
cg22947000,0.828541267,
cg24169822,0.111593351,
cg05600717,-0.269595276,
cg16184803,0.768101469,
cg13628022,-0.296394005,
cg05766064,0.173095968,0.00192950703736195
cg00168942,-0.858485226,-0.026535537405767
cg02031326,-0.244998385,-0.00692338457375373
cg10037068,-0.031152217,
cg03619256,0.859095522,0.0290272337231631
cg01405107,0.618328112,
cg03646329,1.090663326,0.0128844531017902
cg09580336,0.452927705,0.0141508078552366
cg17101703,-2.735756574,-0.030381954983139
cg13872898,0.098587945,
cg16608498,0.968588567,
cg05377527,-0.609906092,
cg01797043,-0.055880082,-0.00736887744863997
cg12757011,0.579800682,0.018511486631881
cg09352789,-0.736807822,-0.0121845510122693
cg13928411,0.000971671,
cg17740822,0.07633838,
cg12062133,0.222613447,
cg09446806,0.003990491,
cg03566174,-0.515912009,-0.000887401728947298
cg25453381,0.232357767,0.0188988120010598
cg22178392,3.235197277,
cg09636661,-1.033735634,-0.0350397791658396
cg08511485,-0.478145331,
cg25374813,0.615255979,
cg16509239,-1.499870503,-0.0030337926934677
cg06493829,-2.891504284,
cg05175318,0.39180653,0.0153071630185092
cg04519775,-0.798610053,
cg01196788,0.959950294,
cg12068366,0.025663983,
cg24151087,1.202830653,0.0798795608707048
cg17243289,3.644446565,3.70706218696186e-05
cg02751731,0.098694586,
cg23100720,-0.151724646,
cg08767044,-1.062389877,-0.000537190464811263
cg16691593,-0.667812807,
cg25818109,-0.474091368,-0.00527143985563605
cg10383568,-1.057520264,
cg25404758,-0.359668227,-0.00137829544842587
cg18343474,0.16249248,
cg23458168,0.890955749,0.019327977966384
cg06964816,-1.196370649,-0.0285092819030942
cg20663219,-1.288885226,
cg18513344,-1.047757236,
cg26543112,-0.456006517,-0.0809881265742939
cg23448505,0.470973765,
cg00827893,0.1267789,0.00759382449569589
cg18310639,-2.683271336,-0.043339704966283
cg15804973,-0.190704003,-0.00410907573831265
cg24162270,0.085159394,
cg02383785,2.333521337,0.00193553575508603
cg01321174,-0.200148349,
cg17571266,-0.358584438,
cg17497271,0.540244234,
cg23761815,-1.017837111,-0.00344059641094007
cg02544002,-0.777942984,-0.00186806059092225
cg13810673,-0.035882363,
cg05236677,1.263728142,0.0138461443694484
cg09069499,0.001891137,0.00667109095130881
cg16449012,0.370973021,0.00301097660300966
cg10874644,-1.308773692,-0.0369047455105552
cg13756273,-0.996410474,
cg23247968,-1.871737069,
cg21350115,0.21631571,0.0334968397138519
cg26421997,-0.143088655,
cg23384708,-1.48066447,-0.0136306549927911
cg15829826,-1.318063052,-0.150001331094696
cg03916421,0.090692941,0.016529425728567
cg05972185,-0.463161638,-0.00265949859499961
cg24883498,-0.658624849,-0.0244707882947124
cg12077754,-0.497066204,-0.00906601656293845
cg25325512,-0.228289816,-0.0385131134807092
cg14271729,-0.00913224,-0.00750297274411645
cg14546394,-2.36032336,
cg18633600,2.807153242,0.0165051518059351
cg04836038,1.212923671,
cg20761322,0.002664513,
cg19596273,0.205624532,
cg19769080,0.273899986,
cg14632729,-1.206837451,-0.0652350825878405
cg00251125,-0.09055717,-0.0102202653793235
cg23166988,-0.299136987,
cg13216022,-0.743598228,
cg08257293,-0.077750418,
cg10950593,-0.415647471,
cg02415029,-0.594942967,-0.0355344797522888
cg14670435,0.572657346,0.0835959263155981
cg27034466,-1.02473542,-0.0113836195068194
cg20267775,0.026977175,
cg26005082,1.837389783,
cg04700930,0.117675628,
cg02868468,-0.050220541,-0.0256719384685032
cg04212239,-0.221216526,
cg12371924,0.00578755,
cg26468696,0.093079484,0.00891273885251648
cg00851028,1.952633544,
cg18031270,-2.242236431,
cg14472551,0.035038145,
cg15975427,0.332935442,0.0102344126614005
cg06805925,1.159330642,0.0070421155244776
cg05324516,-0.989429673,-0.0412002887289725
cg16824319,1.635184837,
cg06458707,-0.977952217,-0.0148692125711685
cg07344315,0.262365923,
cg01364769,-1.761460763,-0.016435702710928
cg21711214,-0.206554394,-0.000596955445317375
cg04284535,-0.303520588,
cg20052760,-1.040050508,-0.0229651617509727
cg25491122,-0.109002837,-0.00707342159976518
cg09305680,-0.121636567,-0.00317309331534683
cg08761208,-1.407336216,-0.0084514186555253
cg19150852,2.78564074,0.0223603102092235
cg08573679,-0.242993026,
cg08321366,0.009133883,
cg08684991,0.026789219,
cg00174992,-0.199460698,
cg04517079,-0.23321885,-0.0379114896220012
cg16987606,-1.305530259,-0.0248284025427017
cg26562772,-0.407309143,
cg10424974,-1.033113376,-0.0298886815086514
cg21175642,-0.028954529,
cg15480367,1.117919124,
cg09154591,-0.549996441,-0.0108510832835618
cg04975617,-0.176349734,
cg20591472,0.17816308,
cg25240254,-0.022767126,-0.000364788291635754
cg00569896,-0.564614995,-0.0121947554572496
cg06413398,0.638316931,
cg02639095,-2.890374561,-0.0743472933731787
cg02666020,-0.962512035,
cg01020263,1.620555442,-0.0693064173772842
cg12155963,-0.931581964,
cg03906843,-0.55580805,
cg07514618,-0.470236737,
cg06043908,0.188503497,
cg09595185,-0.088373841,
cg12424329,-1.142727058,-0.001281630743925
cg12103152,-0.035216483,
cg16755922,-0.194936348,
cg10592521,0.404746158,0.0177561472360284
cg07158339,-0.28800048,
cg08443038,-1.468778421,-0.00227745638753173
cg07078958,-1.02746458,
cg20843052,-1.951075114,
cg25392060,-0.131675136,
cg22809047,1.615102093,0.0348115369425605
cg13135455,-1.521467888,-0.0427113412068809
cg19716643,-0.289214202,
cg19179801,-0.005891952,
cg20360704,0.414550199,
cg22166739,-0.834348447,0.00679695213667197
cg09564253,-1.046233951,
cg00158333,-0.46513331,
cg11748187,-0.240914209,-0.00140556884959106
cg08200404,-1.685940169,-0.0138584115242922
cg02915920,-0.350025107,
cg09563216,-0.731603993,
cg08125503,-1.276946912,-0.00195077417351748
cg16411256,-0.016822317,-0.0370127646888026
cg23965590,-0.902899884,
cg24513684,-0.135523832,-0.00155327865964136
cg07584558,-0.784107716,
cg21296230,0.699680336,
cg27053337,-0.036673241,-0.000469146325961724
cg07495704,-1.088416109,
cg02354563,0.513339077,
cg00595243,0.051610664,
cg08548500,-0.159200068,
cg19518666,-1.581407453,-0.0206515376788961
cg18906360,-0.036605249,-0.0139143856685782
cg18222865,-1.374116099,-0.0142783335576457
cg13921352,-0.793076063,
cg14563637,0.197811853,
cg16046561,-0.006441419,
cg07502389,2.246017671,0.0155969947420145
cg10583997,-0.005606598,
cg23049291,0.217469325,
cg20740903,-0.337179323,-0.0370829153777127
cg15342087,-0.079548459,
cg25450819,0.100853403,0.00644433233279718
cg14359680,-2.877277492,-0.0664639461823187
cg05738924,-0.032074032,-0.000333492886839983
cg15736743,0.066932783,
cg00213052,-0.201612051,
cg13278496,0.413178284,
cg01087254,-0.07678668,
cg04447128,-0.104313898,
cg11317199,-0.963089661,
cg15463966,-1.888930364,
cg02294302,-1.735685269,
cg24987259,-2.267132888,-0.038248649229562
cg17343451,0.176053177,
cg10139476,-0.321447969,-0.011839498261814
cg07289618,0.319438879,
cg17172331,-0.003237486,
cg27649073,-1.147903709,
cg01450566,-0.291447732,
cg15110296,-1.489708415,-0.0239084178303017
cg18680834,0.716793235,0.000274553889684091
cg23361092,2.690900574,0.0323066468588627
cg26937148,0.13178448,
cg15410835,0.402915258,0.00720212561080149
cg27239754,-0.469060876,-0.0137810261362106
cg24955845,0.134767348,5.14947287863868e-05
cg26589785,1.290153988,0.0221536327932242
cg13039251,-0.000908854,0.00222592778926149
cg25149218,2.363546703,0.0298171972904474
cg18149207,1.902376824,
cg14560699,0.46122244,
cg18450254,-1.440662583,-0.0811531503456884
cg01620785,0.629796634,0.0114028034709028
cg04094193,0.711107263,0.0256300511658044
cg20004827,0.57167594,0.00410688363473106
cg00971695,0.333300329,0.0201607019601511
cg23556574,-0.237494291,-0.013163886257331
cg24568150,0.376109563,0.00272973566248488
cg02685286,-0.063018564,
cg04761746,0.39197955,
cg24476103,0.205959606,0.000424255342883076
cg15936446,2.698030798,
cg12649038,0.026493307,
cg00043800,0.074519704,
cg07207669,0.412356983,
cg25305703,0.439596333,
cg14567085,-0.08851052,
cg00263619,0.474725129,0.000634832327058456
cg14154859,0.27738331,
cg10373147,0.113393104,
cg00986133,0.055716703,
cg21361322,0.571081328,0.0543828833991134
cg10619342,-0.113924198,
cg17651887,-0.376887412,
cg14909495,-0.227134654,
cg25618424,3.427533701,0.058687833303679
cg24339470,-0.283258118,
cg22930808,0.20361484,
cg15896978,0.615668835,
cg19962990,0.654040182,0.0140333480481468
cg00169184,0.002192052,
cg13596085,1.935374549,
cg10379476,0.133670179,
cg19824710,-0.735722117,-0.00723339435011718
cg03096732,-0.003564588,
cg17457912,-0.673967804,-0.0944923548848946
cg20322193,0.305479734,0.0146636528634802
cg09990446,-4.375757708,-0.0678583860461499
cg21867345,1.245746261,
cg05598363,-0.334987875,
cg05700079,0.647818157,0.015930089056824
cg14603031,-0.072342487,
cg16691087,-0.703075346,-0.0115977547703126
cg12136950,0.603230437,
cg09868768,0.547834751,
cg10386431,0.110677841,0.00633358168485945
cg11826475,-0.09198267,
cg15769343,0.210702754,
cg14616345,-0.739440763,-0.011784671831323
cg12451153,0.329517329,
cg13663218,-1.318026918,-0.0322458131661677
cg14243817,0.227871812,0.0047979513115108
cg02796545,2.680927651,0.0167717750047116
cg06819923,-2.285319834,-0.0392291602243768
cg02250764,-0.42925852,
cg17431952,1.439907605,0.00663418872377869
cg22434594,1.811225104,0.0575603441605637
cg13036702,0.689009651,0.00257199162206247
cg22796704,-1.664693818,-0.0865836067156957
cg25706281,-0.290209414,
cg13746740,0.000853652,
cg22928637,0.03123197,
cg04273422,-0.595173277,
cg22897224,0.183384724,
cg03801286,-0.297137123,
cg03743982,-0.708434835,
cg23009419,-0.32502755,
cg23233742,-0.242318323,
cg19663246,-0.966623312,-0.0106502285752908
cg06430220,0.106472242,0.00836174079147668
cg12194745,-0.024488262,
cg14209784,-3.429169181,-0.0373661299719248
cg07657357,0.317824916,
cg03960811,0.833562457,6.70315477991678e-05
cg23836737,-0.3475881,
cg20228731,0.056352618,0.00466344318129481
cg05552874,0.332586752,
cg04581938,-0.394987669,-0.115529109007172
cg26332926,-0.04051552,-0.00879676456620854
cg15112910,-0.640431131,-0.01835865114355
cg16926102,-1.363324146,-0.0143752842807883
cg20097219,0.368501502,
cg22793142,-3.235613381,-0.0350949831576998
cg09203490,-0.477114629,
cg16619991,-0.078581826,-0.000443353924691179
cg03467555,0.800412485,
cg19728051,0.128521452,
cg00431114,-0.093376419,
cg18867659,0.434592273,
cg11550064,-0.058198195,
cg11647493,-0.47864948,
cg03231163,1.241462979,
cg00751072,-0.093990486,
cg08397927,-1.108291701,
cg07940585,-0.339505019,-0.0134837122265518
cg13161901,0.241309354,
cg17466510,0.017856347,
cg17518710,0.180330485,0.00445808986432806
cg00639635,-1.445761583,-0.00277564898479911
cg22407942,0.245396103,
cg13491731,0.167778179,
cg07787614,-0.139908209,-0.00760764296806281
cg08951051,0.030923136,0.00793588847435414
cg08909806,-1.098898683,
cg08961664,0.083739634,
cg07254032,1.35444697,0.0214598665615855
cg26470501,-0.229701045,
cg24160243,0.079648252,
cg20012366,2.298721381,
cg01542719,-1.219873013,-0.0206629732851754
cg27665659,-0.520687012,
cg19343530,0.389541113,0.00109852429837482
cg22736354,1.839295771,
cg00178249,0.178343895,
cg04427651,-0.096447123,-0.00163851619474686
cg16545743,0.383508164,
cg01606885,-1.692320166,-0.00250693920217153
cg00858599,-1.044255376,-0.0564534410147342
cg13460409,0.384333834,0.00588685268790909
cg05812089,0.043047314,
cg01124546,-0.11482037,
cg03766264,0.186746361,
cg10981464,0.304573896,
cg27640316,0.129845846,
cg02606403,0.371055185,0.00581631992473127
cg22156456,-0.160901023,
cg12606396,-1.221447061,
cg04582254,0.236377485,
cg14992524,0.252074461,
cg14836555,-2.10837922,
cg12003483,-1.927300823,
cg07267845,0.831159765,
cg19499581,-0.837330739,
cg01960979,-2.062988165,-0.0256262004822298
cg04500896,1.589792758,0.0540499223344816
cg24099956,-1.898002988,-0.0433139007987005
cg10099758,-0.113386212,
cg04354805,-0.716706948,
cg10159215,-1.118338079,-0.00899591067791785
cg00232500,0.106582124,0.0240105697705877
cg20584732,-0.150562286,
cg08088161,1.02125009,0.00039112588012695
cg12068124,-0.966371111,-0.0149270191670666
cg16255583,-0.154698961,
cg12373771,0.364231373,
cg13620631,-0.244497256,
cg08018825,0.389578714,
cg27427318,0.031868392,
cg07629125,0.043553159,0.0143592630637734
cg08334899,-0.594138753,-0.000645964897641029
cg27418217,-0.171613258,
cg24601559,-0.67669904,-0.00252099709716149
cg02977443,0.917789154,0.026090412458557
cg11155924,-0.116776183,
cg27589809,-3.309454064,-0.0115674603258931
cg22197050,2.108290656,0.0149871709718043
cg17206772,-0.003973416,-0.00341283360682698
cg02983424,0.629949539,
cg16001165,-0.275667622,
cg22488164,-0.290402549,
cg06458239,0.417020691,
cg00459119,0.030305472,
cg22517995,0.809844878,
cg25642315,0.47652655,0.0135442495296933
cg15233611,-0.815032674,-0.00524670067360998
cg09528056,-0.25170067,
cg06469895,-0.095107667,
cg16204414,0.568951137,
cg22965561,0.370552767,0.0192641635315384
cg19261810,0.230702127,
cg00690609,-0.093559357,
cg01154445,-0.275002728,
cg27021512,-0.430022189,
cg09082287,1.04918474,0.0488693580936172
cg00463859,-2.630642363,-0.0292346974708046
cg13029847,2.218635039,0.0358769365645482
cg05915866,-0.833750305,
cg04431935,-0.269272932,
cg08499881,-0.003293206,
cg03773862,0.67219741,0.00662264500335708
cg21513385,-1.357289051,
cg16717122,1.233554514,
cg15946337,0.090833246,
cg19396666,0.122797097,0.0036719225428721
cg00748589,1.956452988,0.0110752707198175
cg06829584,-0.664246969,
cg16852483,0.766544716,
cg02088673,-0.567224658,-0.0164076977608782
cg15603896,0.021521252,
cg27167601,-0.973606933,
cg10257332,-2.323678567,-0.0329268787234992
cg19056004,-0.502900912,
cg00144186,0.013042975,0.0267790904093748
cg24714905,0.430922608,
cg24496666,-0.302335261,
cg04105923,-1.223203406,
cg10636297,0.773644781,0.00235872690386786
cg24281777,0.215055772,
cg00472520,-0.091454831,
cg10525394,1.504576527,0.00305665616443712
cg11653233,1.524607149,0.0248852256690011
cg18832152,-0.087413341,
cg01264729,-0.607910878,
cg07211259,-0.406804248,
cg08006309,0.813907107,0.0177450360257204
cg25386151,-3.60038314,-0.0473346832155291
cg06933384,0.493860062,0.0114220264255674
cg16764848,0.296318015,0.0200847333710307
cg16054275,-0.59633999,-0.022046494564697
cg03725309,-1.377725219,-0.0747148378341871
cg06405563,-0.409572903,-0.0155098178579734
cg03254146,0.048084045,0.00626296643475159
cg16180082,-0.226917891,
cg09298818,0.108079957,0.0273996549531741
cg09642020,-1.12381737,-0.0126096955521575
cg01352586,0.957131559,
cg01433297,0.119460312,
cg21943117,-0.330824693,
cg12833018,1.344459981,0.00120987616324425
cg16540789,-0.202500881,-0.0225068137893339
cg19147415,0.681141211,0.0186781695759291
cg18735473,-0.135403008,
cg05816193,-0.065052956,
cg24698655,0.768822928,
cg13243168,0.000331162,
cg06640584,-0.409079791,-0.0240100870198249
cg12524640,0.287435713,
cg12080831,0.016785955,
cg03473532,-4.571634434,-0.0817635459391221
cg17501982,-0.837943242,-0.0051567066766812
cg04421973,-1.3046211109999999,
cg20234855,0.278180469,
cg02914652,-0.217298826,
cg07062476,0.110876323,0.00900352044474199
cg07374224,0.818049822,
cg20652899,0.139253443,0.00019941668557879
cg14334350,0.182428202,
cg11769332,-1.290521166,-0.00486664311710318
cg19589396,0.900454013,0.0241190586152293
cg18480675,-0.294786439,
cg00381131,0.129317554,
cg06068163,-0.004615686,-0.00318894588300368
cg06526721,-0.140529176,
cg09881842,-0.044147977,
cg04640250,-0.853682892,-0.0230316484451756
cg24682723,0.147633938,0.0042689302935785
cg06493994,0.732023085,
cg07920503,0.613007117,
cg14782678,-0.083506529,-0.00775567328441261
cg01233571,-0.05953144,-0.000841323090711026
cg01302240,0.29997302,
cg17415650,-0.086816723,
cg27038676,-0.14538173,-0.00905438490891334
cg27166177,-1.846562717,-0.025942489126655
cg03539717,0.827184142,
cg18766900,0.099338362,
cg23406136,-0.009755357,
cg16060330,0.753273884,
cg19916364,0.147235553,0.0120199346680347
cg17190891,0.644133076,
cg10671830,-0.007989895,-0.0128420536538822
cg18704979,0.027057448,
cg07125256,-1.066282972,-0.0253382472968125
cg25410668,3.919737243,0.0657192445732361
cg22851200,0.914395734,
cg01844642,1.760110092,
cg03994651,0.622313091,0.02595045109197
cg25256723,-1.404546485,
cg20099806,1.076137985,0.013273535157098
cg17071446,0.614003725,
cg00625653,-0.163194733,
cg14499385,-0.12110938,
cg15174248,-1.267663164,-0.0182159969324258
cg08197797,-3.561546852,-0.0360508551788634
cg00486113,-0.876664981,-0.00825693575028167
cg08460812,0.001020031,
cg27168858,0.030067263,
cg14790600,0.348071586,0.00590054968136012
cg26805749,0.624681276,0.020014757113703
cg21166964,0.00069629,
cg19434937,-0.386399008,
cg10050397,-0.023819197,
cg08038054,-1.378175965,-0.0712099242334431
cg24619618,0.215833821,
cg22575261,-0.475310624,
cg24871743,0.034686524,0.0438136496331962
cg14992253,0.07497748,
cg15013617,-0.459196423,
cg21756476,0.723079511,0.0179079414972219
cg02533423,0.316415218,0.0050601590251744
cg26513192,0.017105383,
cg04332373,-1.065996309,
cg08337633,-0.001515591,
cg26133399,-1.365147959,-0.0221148487177041
cg04561237,-1.449354606,
cg05342634,0.585600211,
cg08122652,0.061213232,0.0244464389260581
cg08090640,-0.512441636,
cg01635555,-1.643427484,-0.0271674606696764
cg10851168,1.893270685,
cg07204479,0.441129344,
cg07320140,-0.199766428,
cg02302670,1.129876103,0.00591558484634303
cg12968224,0.17218821,
cg24718722,-0.584736887,
cg14188401,-0.765110382,-0.00818054587302316
cg09019635,0.75754034,
cg09275869,0.137533221,
cg20426710,-0.340798044,
cg07082267,-4.700570511,-0.122286568497983
cg18358723,0.259597008,0.00948816331004171
cg25744552,1.794110452,0.050801136262177
cg19470159,1.943268126,
cg02356435,0.578326774,
cg04907244,0.236551114,0.0118142510046287
cg12298872,-0.006349144,
cg14862806,0.017925225,
cg05207048,1.767598349,-0.0756025389644647
cg01789150,1.133344488,0.00624990342876862
cg13077784,0.958950815,
cg16146033,-2.794736382,-0.0590229122760257
cg03517776,0.374510392,
cg20032370,0.217359712,
cg13125072,0.102196402,
cg01528542,-2.577610677,-0.0126019098239698
cg11124652,0.170997763,0.00723653647069593
cg21393124,1.101585147,0.0138627577646128
cg05211868,-0.197298636,-0.000709912711691434
cg00793186,3.972909188,0.00256837649080548
cg02754470,0.632680164,
cg06648759,3.027421372,0.0791654336623164
cg20665157,0.469333411,0.0148527555963449
cg15059474,0.606185538,
cg07571951,-5.852553356,
cg24678137,-1.216823865,
cg14849578,-0.651436543,-0.0142789525779431
cg25693132,0.036744449,-0.0186492122616514
cg19755459,0.002897235,
cg11336887,-0.41421112,
cg03745604,0.129249349,
cg06031268,-0.25234434,-0.00751743552726611
cg01622416,0.091837984,0.0126708178462844
cg05483184,-0.031894343,-0.0463361989764766
cg12516954,-0.416626187,
cg26467528,-0.054312888,-0.0113323083602697
cg05669497,0.89230539,0.00184391192763763
cg05569328,1.404168502,0.0123570665259179
cg24350475,-1.987934107,-0.0073176705393316
cg05395210,-0.967188338,-0.0270882013305845
cg03536711,0.350832721,
cg06930757,-1.373400917,-0.0425506874341007
cg18456933,0.143393149,
cg13693328,0.607774418,
cg13103485,0.474620399,
cg05308819,-1.099688551,-0.064987828853116
cg23484392,1.764941437,0.069912429666046
cg26343883,-0.234679448,-0.0139657220951675
cg26483332,-2.983313889,-0.0305900036127858
cg16541026,-1.001665513,
cg17440248,-0.496091637,-0.0249903879564534
cg04551395,-0.241817707,
cg04060571,0.316061414,0.000216665426155688
cg11029191,-0.855213418,-0.0111530835488521
cg19760651,0.045841983,
cg18240463,-0.384188376,
cg17722435,0.697033445,
cg02063488,0.651191713,
cg02478731,0.709706111,0.0156741762772375
cg22797169,0.383687071,
cg10778288,1.068796954,0.051677676764294
cg06571407,-0.885392889,-0.0225186822173403
cg25749318,-0.358834614,
cg05509696,-0.123634424,
cg01820962,-1.902849614,0.0164855005235481
cg17892917,0.183253625,0.0226208675775277
cg01794929,0.492712259,
cg16219603,0.855365637,
cg02452500,0.516149101,
cg06807117,0.577860701,
cg20930114,-1.199578403,-0.0107749808404604
cg23540819,0.498216643,
cg14162417,0.400848352,
cg04567445,1.904483135,0.0258413725552408
cg27130665,-0.815831718,-0.00311754494612468
cg26690592,1.831209828,0.00880602571110478
cg27338353,0.187566561,
cg15920975,0.299591254,0.014155429152989
cg23900712,0.598939427,
cg12899747,-0.969918063,
cg13541527,0.196571393,0.0172584575067219
cg15384400,-0.686926453,
cg10163955,-0.208279626,-0.0153741589792435
cg13619623,0.017129677,
cg00753885,-1.817938812,-0.0653463727676708
cg16464007,-0.268130165,
ch.20.1295406F,-3.011115251,-0.131599602624053
cg16395997,-0.365620765,-0.00776106895600253
cg14494090,-1.34480527,
cg03399905,0.662620344,
cg04228709,-0.35138486,
cg06083669,0.833946275,0.0124075759454512
cg07357683,-0.439620733,
cg12638731,0.259703494,
cg17850498,-0.119680963,
cg24481841,-1.255217964,-0.00463658748651667
cg13730618,-0.834655037,
cg08099136,0.157805675,0.0226453060729358
cg22866426,-0.213515836,
cg21865845,-2.393346952,-0.0226815105344885
cg04604946,-3.185274184,-0.0416630185318149
cg10052840,-3.835042026,-0.0846007914275785
cg04496791,-0.120086372,
cg15745401,0.236426871,
cg07894352,0.492174038,
cg21563471,-0.840735245,-0.011686926597365
cg22130008,-0.525434282,-0.00926461620530171
cg14037218,-0.128724382,
cg01750611,-1.240954175,
cg23174607,0.353249846,
cg00024494,-2.195177394,-0.0620767868338109
cg26861995,0.000843813,
cg10686304,-0.886341575,
cg01663970,0.127644285,
cg09644065,-0.156447332,
cg19381811,-0.095502906,-0.0633377986457491
cg17474524,-0.111506637,
cg01141812,0.446117185,
cg07069844,-1.179237874,
cg05725804,0.260970732,0.0121002176913469
cg00956987,0.050369372,
cg06707970,-0.945973684,
cg21911021,0.032437385,
cg18183961,1.081667624,
cg06142740,-0.400590982,
cg22348673,-0.553793855,-0.0636828081119127
cg15299997,-1.465829153,-0.0260802970106144
cg16102040,0.069529008,
cg20324262,-1.202042097,
cg00902104,0.187736144,
cg12506930,0.055649155,
cg02426324,0.738759869,0.0146971171865762
cg00590036,0.624175993,
cg24503796,1.276758499,
cg08118354,-0.121377454,
cg03123759,-0.451041728,
cg12776156,-4.001012069,-0.122748743329339
cg06005318,-2.123431549,-0.0325359764196013
cg17706411,-0.552636654,-0.0129133795162401
cg10554624,-0.240601442,
cg03538296,-0.155498099,
cg14526039,-2.50618169,
cg22299097,-0.065588528,
cg21644856,-0.488602395,
cg02512920,0.207346574,
cg17489312,0.037002068,
cg25703784,-0.0495945,
cg24687805,-0.635083271,
cg04709900,-2.30971562,-0.037966493586802
cg20960181,0.284317485,
cg04792813,-1.189095323,-0.0481530426360965
cg02583484,-1.472873037,-0.054229852922926
cg21938436,-1.592980871,-0.023285305579118
cg14360917,-0.074992271,
cg16604086,-0.643970472,
cg19928703,-0.389217899,
cg07547549,2.488647507,
cg06836406,0.52726583,
cg22449114,-0.18343011,
cg15136975,0.169212642,
cg20044410,1.460331951,
cg06978145,0.009106386,
cg02596779,1.373952219,
cg08305942,0.470637201,
cg07172334,0.152500882,
cg24563804,-1.308002314,-0.00567526519532536
cg23363754,-0.523774837,-0.00747664486093214
cg07850154,-1.307554141,-0.152230687260707
cg11549025,1.008863703,
cg08468401,-0.182665982,-0.00641273357793651
cg15818008,0.087075628,0.00157095365325609
cg02871985,0.199037901,
cg08822715,-3.02357588,
cg13781414,0.867053944,
cg24864241,0.033026745,
cg10278102,0.357986073,0.00971767718138746
cg01856384,0.344990394,
cg22076941,-0.005768965,-0.00353045982161956
cg03607117,4.484935595,
cg07026636,0.023337451,
cg26763486,-0.058983392,-0.0144750408335269
cg23725986,-0.02861582,
cg03430597,0.419474941,
cg17241310,0.241301813,
cg16665444,0.43582191,
cg07048044,0.819793435,0.0364144889837933
cg20388256,-1.155025687,-8.68846574041868e-05
cg12432236,-0.537783088,-0.0107370607941809
cg17200137,0.00478215,
cg23600866,0.703614376,0.0083466200604071
cg06057569,-1.230158009,-0.0274112898934903
cg22927302,-0.065731043,
cg12535090,0.330990378,
cg11787791,0.755414312,
cg07101980,-1.389900882,-0.0547318125394648
cg11025604,-0.046158863,
cg11830800,-0.341027484,-0.00293978682359614
cg08736813,0.026417393,
cg05568490,0.215394177,
cg14027333,0.899111922,
cg22039458,2.099225396,0.0130510845522254
cg00602326,1.10063102,
cg23858532,1.050492873,
cg24150153,0.594948287,0.0377462137808819
cg02113429,1.118012387,0.0120277791734664
cg00119687,0.123495231,
cg18556005,1.752567603,
cg23527621,0.123193296,
cg06520296,-0.497660661,
cg19459791,0.102405005,
cg19697042,1.08675809,
cg07095347,-0.039222323,
cg11207515,-0.360035281,-0.00492164394383342
cg00948664,1.009556715,0.00936631823237649
cg01839993,-0.071409255,
cg05358170,-0.550807461,
cg04326337,-0.018501739,-0.00521907338130828
cg02943456,0.042916908,
cg12554573,-1.30218164,
cg19223119,0.04880576,
cg03227128,-0.750318319,-0.00501065053074473
cg01889025,0.059837495,0.000198081711027852
cg26120958,-1.074159075,
cg03102841,0.162178209,
cg03047995,-0.056815324,-0.0286712637709101
cg22112832,-1.703751357,-0.00365967082768046
cg02338840,0.016168596,
cg13929658,-2.463866428,-0.0289256071539646
cg13944685,-1.207696636,
cg08854834,-0.410337525,
cg16292768,0.574253513,
cg00442814,0.016085152,0.024294758651375
cg06806958,-0.123734951,
cg03705319,-0.488738305,
cg00241664,-0.486300601,
cg19751789,-0.025495352,0.0312973610720944
cg17861836,-0.626082901,-0.00913451606938501
cg03984502,0.109067151,
cg17261675,0.073714173,
cg18132076,-0.410762348,
cg22303418,0.304971921,
cg14014799,0.034490295,0.00111441505826776
cg16728846,-1.159462764,-0.0269542804135817
cg12986700,-0.175037462,-0.0377897743765996
cg23304156,-2.18915327,
cg26465611,-0.3845858,
cg13182599,-1.325280538,
cg08035323,0.210559714,0.00440855382972
cg12286415,0.010323358,0.0149302343416481
cg03770548,0.210155099,
cg16313343,-0.049079103,-0.0117989764125621
cg17328407,-0.23946083,
cg23263226,0.262932163,0.0397421376757185
cg19351603,-0.130626026,
cg24868150,-0.346989186,
cg08541518,0.059807297,
cg12833118,1.037181019,0.0161021625392582
cg24711649,-2.013300935,-0.0591276257417349
cg18882407,0.579859576,
cg02328239,0.125577027,0.0176289449834538
cg18917643,0.253293151,0.0161083215003328
cg09748749,-1.229274464,-0.0341464095916384
cg11879188,0.11443147,
cg20252022,0.025591559,
cg21983151,-1.439157742,-0.0203784098645387
cg14286594,0.000574428,
cg01294327,-0.38917936,-0.00348657538010517
cg11950754,0.066244883,
cg00432659,-0.297639463,
cg04650238,0.382307987,0.014657163782701
cg15548101,-0.966033504,
cg13612317,-1.28833774,-0.0146976071235668
cg08148802,0.879656256,0.00550448360146583
cg17110586,2.268975376,0.00232898882858573
cg11746684,0.218905798,
cg14446942,1.477440802,0.0396231017585931
cg16548911,1.053813659,
cg21376004,1.046952201,0.0120752467550467
cg10166889,0.281519453,0.00825993610317239
cg08719712,0.195603959,
cg06237487,0.406784655,
cg27565650,1.088575597,0.0202908931238309
cg02050426,0.011430326,0.000883821113259397
cg24705158,0.448929074,
cg01366595,0.077912812,
cg08280341,-0.147678227,0.0258908167924177
cg19583819,3.81036537,0.063256425886498
cg20146909,0.041473135,0.0112294698355993
cg19722847,-0.084232468,-0.0296720837099657
cg19910679,0.445837007,0.019393260001464
cg22485810,0.68792445,0.0187271301750377
cg14932313,0.917269999,
cg09978353,-0.639325714,
cg21860825,1.09950494,0.0119589120627886
cg24536146,0.272440156,
cg16552271,-0.524962463,-0.022308735259524
cg05135521,-0.580413517,-0.0294873508029465
cg11084334,0.379085098,0.00582293527150607
cg25678270,0.086030696,
cg19715771,0.804906022,
cg11277126,-2.711093824,-0.0228490279098406
cg19889780,-1.717642504,-0.0284605458925132
cg27076223,-0.174876675,
cg20018563,0.243210345,
cg20747380,0.001773931,0.00147737873271524
cg14170787,0.455886903,
cg06007201,-2.154439059,
cg04158018,-0.005921082,
cg21940708,0.349286477,
cg20732160,0.543176431,
cg00835193,-0.009337848,
cg15924285,0.059127629,
cg12100791,0.728837446,
cg15616915,-0.868998177,
cg10665379,0.489015988,0.0186330549156647
cg10126181,-0.269138873,
cg20222519,0.283474791,
cg08297393,-0.60143058,-0.00708346993336976
cg26002437,0.571078647,
cg18933331,-1.771313242,-0.0577245867697537
cg06231995,1.129130377,
cg24116779,-0.563859228,
cg22233512,0.552627015,
cg20976787,0.243003093,0.0130339169245796
cg19283196,0.344861702,
cg01479232,-0.006575157,-0.00671466535753407
cg22580935,0.153439433,
cg11807280,-0.93443457,-0.0219067765254294
cg08955995,-0.209872118,
cg04596060,-0.752489317,-0.0871026148706673
cg19725377,0.053216033,
cg08726667,1.217249303,
cg21623865,1.442148518,0.0515661745516568
cg21113746,-0.346173968,
cg19516457,-1.051640333,
cg17953385,-1.041229367,-0.0280934544362872
cg23461714,-1.360867379,
cg18676273,-0.307339207,
cg12895631,1.168021086,0.0500840678661011
cg17444747,0.248921297,
cg08791347,0.032691851,
cg21681705,0.424547405,
cg26670562,-0.250166462,
cg21256649,-0.094437034,-0.0185061593681251
cg17063929,-0.046610264,
cg15759721,-0.013402797,
cg26914205,-2.418648628,-0.0505374315239645
cg06532163,-0.837819139,-0.0125221293428892
cg14447608,-0.128000619,
cg25808809,-1.129023084,-0.0077228277911261
cg02795629,-0.487466582,-0.0134378392850734
cg17373759,0.241455394,
cg07960624,0.698492097,
cg01149683,0.005596911,0.00184280581316553
cg00020474,0.269151139,0.0112912876621989
cg01273309,0.254925557,
cg06620837,-0.76560612,-0.00809105023729674
cg10717214,-0.949607052,
cg16066219,0.074499674,
cg23688465,-2.039321632,-0.000630624988232626
cg00480331,0.327440863,
cg12269535,-0.681187489,-0.0143362041606811
cg07147364,-1.266873069,
cg21734707,-0.360331154,
cg15089077,0.499792246,0.0107691449943229
cg23753748,-1.087369722,-0.00571594326612866
cg04850211,-0.193486236,
cg00930873,-0.673009472,-0.0125621383131846
cg09747445,-0.772458309,
cg18181703,-0.380770552,
cg23411426,0.136844527,
cg11360522,-0.349352107,
cg02795076,1.220838633,0.0165358668235617
cg05209515,0.549648296,
cg15912040,-1.118609418,
cg17317023,0.897403822,0.0297154961796614
cg06558502,-0.059830542,
cg13989999,-0.20705631,-0.00277180005185527
cg17280134,-0.66246835,-0.00245122774237334
cg04708601,0.292939158,
cg22186515,-0.03659409,
cg20765408,-1.464330516,
cg26833936,1.410885247,0.0302237689891164
cg06829760,0.930334046,0.00684599792699653
cg19653417,0.049420826,0.0210618649370461
cg20952652,0.312656194,
cg10203610,-2.012976634,-0.0590429852510617
cg14634687,-0.72173282,
cg26824091,1.268633168,0.0348026154274339
cg04863713,-1.805438772,
cg01272428,1.494982538,
cg27626102,-0.659996118,0.00489988077121212
cg02867102,-1.669823343,
cg22172057,0.288158976,
cg16766325,-1.28405333,
cg14485901,-0.013190747,
cg01165661,-0.124562756,
cg02893604,-0.207339359,-0.00230312149857133
cg04684267,3.210553464,0.0646994107793077
cg21188533,0.85485019,0.0163297003696308
cg16503724,0.799187539,
cg04055490,-1.046972986,-0.0117206242525501
cg15913671,-0.029070662,
cg03450635,1.45433813,0.0476386263357083
cg02923856,-1.06383916,
cg11847992,-0.12111826,
cg01255465,-0.134883427,
cg18438319,-0.067389217,
cg20288341,0.223973689,
cg25148589,1.901912571,0.0106126041196702
cg03202732,-0.492910295,
cg05508084,-0.673903813,
cg17621438,-0.753729888,-0.0685520584802155
cg19031565,1.444390508,0.0750026247418689
cg22820188,-1.636457212,-0.0543366803753479
cg05442902,-0.44201863,
cg00593462,1.833556812,0.0368387728385294
cg02380135,0.382803644,0.0137728456968717
cg16655791,0.529271346,0.0204348788317372
cg06513695,-0.520344626,
cg05557110,0.613905778,
cg24403338,0.239314121,
cg27244482,0.120881766,
cg11220950,3.29829293,0.0654488922500573
cg11534240,-0.539412597,
cg05106770,-0.678915106,-0.0167254459892226
cg09270346,-1.021893943,
cg13828047,-0.870022271,
cg02680050,0.302307618,0.0078744066214341
cg03172931,-0.86553646,
cg08668790,0.462867352,0.0142239572646979
cg27519828,-1.313231572,-0.0450785675068521
cg11848487,-0.271510096,
cg24403644,0.111991737,
cg09118625,0.616744697,
cg05346491,-1.13542351,-0.041700610351333
cg02910913,-0.527930896,
cg26729217,-0.125344911,
cg04209035,-0.326501833,
cg17025683,1.397339433,0.0110246502735062
cg15525848,0.289372622,
cg12014818,-0.215993313,
cg23669043,-0.050172352,
cg02991558,-1.001193914,-0.00709155126564062
cg14909198,0.460328067,
cg11024682,0.058207358,
cg10827488,0.082674617,
cg10947146,1.048365233,-0.0167577546224805
cg13716321,-0.989024958,-0.0176339700749532
cg20674521,-0.017645576,
cg12018403,0.721322954,0.0273870830166853
cg00924459,0.062674932,
cg14659930,0.102381364,
cg02162605,0.677303339,
cg01157004,0.020441328,
cg03311335,0.050410005,
cg00218103,-0.625256861,
cg05522498,0.065600832,
cg05053979,0.034380521,0.000320487491921574
cg19761273,-0.892817971,
cg13691961,-0.149079681,-0.0109032864374107
cg26921969,0.612098811,0.036302482316414
cg01832549,1.100319145,
cg23256579,0.400031457,
cg16932827,-2.19642847,
cg09143195,-0.613074605,-0.0537378339874061
cg20588859,-0.487889211,
cg12446246,-1.199879107,-0.0146665545929768
cg02841844,-1.839416115,
cg11614536,-0.088236382,
cg15711508,-0.218516997,-0.0108301946084698
cg20592391,1.756682693,0.0261283710078184
cg07658590,0.06312571,
cg24358781,0.316566438,0.0125060659138344
cg02495310,-0.139025621,
cg08586913,0.140811052,
cg09864185,-0.185123318,
cg09315264,1.861873895,0.00647757201836671
cg14442408,-1.528670002,
cg06846310,-0.386349834,
cg22243000,-1.762315222,
cg27367526,-0.311412628,-0.0179680591436567
cg23172853,0.316999227,0.00886666800004704
ch.14.97331099F,1.662509946,-0.109054428986239
cg11813441,-1.07344149,-0.00894357957878068
cg14094027,-1.017951214,-0.0137001235867303
cg11210160,-0.276620834,
cg13385210,0.641420386,
cg09438075,-0.383237676,
cg09639964,0.763663278,0.03025009448421
cg13589463,0.115491045,
cg07167185,-0.269643935,
cg26311262,-0.020825595,
cg17643106,-0.753831892,
cg11803859,0.065934768,
cg04445427,0.119463482,
cg16904330,0.098160177,
cg01176694,-0.605285514,-0.0104052564476457
cg19498794,0.289497689,0.0185222999368881
cg18673377,-1.090997744,-0.00877787004919492
cg04452203,0.348159467,
cg09581049,-0.024465573,
cg16875235,0.357402368,
cg13823169,-0.072010207,
cg13245228,-0.130522123,
cg05532414,-0.795580331,
cg26918305,0.049904166,
cg15801019,0.182245401,
cg02814054,0.008483769,
cg16371032,0.053555991,0.000180500252334921
cg19378631,0.617531939,
cg04477962,-0.511758351,-0.00985096018556307
cg11454936,0.508907092,0.00265143429517695
cg13649056,1.117887591,
cg25838150,-1.007180433,-0.00865464790318146
cg07708721,-0.896537736,
cg02628680,0.420532808,
cg06073351,1.534671335,0.00927561591667591
cg24560920,0.169740056,0.00697338312575196
cg14176088,-1.697784153,-0.0533735703376896
cg03559682,-1.089226011,
cg05411199,-0.558110849,-0.000687311711652414
cg12578166,-4.134068337,-0.0381591504081561
cg12423733,0.043853465,
cg12362077,0.13491209,
cg11059944,1.014958781,0.000961014690272647
cg18234352,-0.144346324,-0.00251962481780445
cg17471062,0.702637438,
cg21144928,0.092180287,0.00903583369079043
cg04926767,0.15753821,
cg07440264,0.018256961,0.0104441231686803
cg10184289,-0.06929478,-0.01909919450768
cg26673195,-0.023963145,-0.00414563361193929
cg21809447,2.701134741,0.0268057413187789
cg24540678,-1.873989156,
cg06672696,0.639552532,0.00437940181151866
cg01428071,0.538377511,
cg05858126,0.500280262,
cg17878972,0.013892515,0.00364364375395923
cg10805721,0.001159315,
cg11189107,0.929342867,
cg26955383,1.048911898,0.0199876729057952
cg00008629,-0.536340981,-0.00507293859059769
cg08965235,-2.024988044,-0.0231399591571768
cg17603132,-0.799126458,
cg07430472,-0.539833396,-0.00276215481148159
cg08959230,0.000306887,
cg04955573,0.109511084,
cg00771722,0.696995937,
cg07783843,0.095179469,
cg26572392,-0.007219417,0.00629113227968606
cg15209604,0.990769888,
cg03555227,0.379591204,
cg02832224,1.246891901,0.0209825641321518
cg18974921,0.626658517,0.00495473976267599
cg21225797,-0.047742976,
cg03508063,-1.296629202,-0.0329247673406005
cg00659931,0.22320072,
cg27346545,-0.613158004,-0.00750881526372101
cg15467503,0.11947439,
cg09012125,-0.092672678,
cg22040301,-1.129291658,-0.0310942036359357
cg14973055,0.890085035,
cg02985445,0.131933637,
cg26246127,-1.757444021,
cg08739433,0.640388025,
cg03007201,2.481388306,
cg22073802,0.201441965,
cg00638574,-0.238784854,-0.00441024448237727
cg01694939,-0.463987552,-0.0213106290201681
cg20897479,0.399381594,
cg13632058,-0.733015488,-0.00286858158741121
cg04229059,-0.990103471,-0.0253575720846811
cg02774439,-0.669115622,
cg27429313,-0.588359016,
cg22576236,-0.56956193,
cg21878650,0.324541486,-0.0308317691349098
cg25782440,-2.076955914,-0.0418714754273641
cg26980000,-0.528454069,-0.00780990502650273
cg26420795,-0.130745908,
cg02328221,0.109109517,
cg03079132,0.386872989,
cg02932780,-0.224144626,
cg09113483,0.392266053,0.00776800724526955
cg06711259,-0.188647843,
cg03957108,1.604799488,0.0142364754443433
cg22594214,0.599738392,
cg07068062,-2.14897629,
cg06503286,0.48390628,
cg02060682,0.246241464,
cg00059225,1.051976049,0.0691401134801364
cg15557036,0.384068922,0.0209763898420852
cg11159604,-1.16435616,
cg21116900,-0.104784402,
cg19642877,-0.589782198,
cg25033993,-0.485761138,
cg01401641,0.071069067,
cg16373217,0.308299621,
cg26111265,-0.112018151,-0.0092243413023199
cg00806461,-0.413839261,-0.005166011720513
cg20872692,0.414775391,
cg13719901,-1.068444982,-0.0161720180944155
cg27184903,-0.712238138,
cg26817145,-0.936150808,-0.0234730274500422
cg22897715,-1.022804151,-0.0010831752932032
cg05216814,-0.533821746,
cg11670060,1.598325916,0.0201265720494797
cg03696346,-0.100043093,-0.0277102094889246
cg07080372,-1.080163401,-0.00658659549731216
cg20628376,-0.085858634,
cg02871659,0.50313521,
cg12134570,-2.560087465,-0.0703985408487328
cg13641082,0.692866882,0.00367873749618882
cg24453664,0.253913448,
cg03826252,0.640915444,0.0216644455652614
cg16708880,-0.102496061,-0.000617779441253987
cg15857661,0.187579029,
cg17338821,2.322520539,0.0345442989235031
cg02154074,0.628586776,
cg02304353,0.261798822,0.00152233865870074
cg10924077,-3.927683664,
cg13585029,0.329449453,
cg18271914,0.02499464,
cg03077453,0.138464806,
cg26069719,0.008689593,
cg06784232,0.178717677,
cg00551910,0.015869362,
cg06108383,-0.19149874,
cg18052274,0.220080833,
cg25771615,-0.150480389,
cg09174555,0.952450053,
cg09889350,0.164266025,
cg03234186,0.722999759,
cg18473335,0.116495558,0.00502247817930204
cg24628744,0.564015817,0.00749745059530646
cg24142894,0.631810005,
cg06874016,-0.537267819,-0.0227118658541389
cg12898019,0.110202091,
cg15159987,0.543171839,
cg05176991,2.746471558,0.00795041039797005
cg11342234,1.278893986,0.0101371368653284
cg22820364,-0.926198548,-0.0062443562363393
cg02304156,0.777326097,0.0134605911946999
cg05830220,-0.059209224,
cg05238069,-1.098114055,
cg27320127,0.854087717,
cg17789713,0.538203364,
cg16181396,1.555062753,0.0251516989308336
cg05884870,0.273085879,0.0230800021106263
cg02228185,-0.553978413,0.00518090839309112
cg06223120,-0.372617918,
cg00771084,0.112260773,0.0259258697826581
cg23500537,4.348291192,0.095771376735739
cg21579239,0.489795512,0.0145046261254636
cg08271909,0.112092614,0.0441270018473045
cg04384914,1.099586451,
cg00747849,-0.210140551,
cg26158023,-1.509652366,
cg17531288,-0.212791201,
cg10202113,0.61750343,
cg06413842,0.105810945,
cg21611682,0.519762047,
cg23448998,-0.263903865,
cg14597067,0.003482701,
cg19240857,0.061989357,
cg06080300,-0.905740188,
cg26588812,-2.301726535,
cg12053291,-0.333077954,
cg22446998,0.00369036,
cg25418484,-0.731420279,-0.00471025230250505
cg23324537,-1.774923896,-0.0139812289651343
cg09454892,-0.93749998,-0.00660337359779573
cg24263283,0.75262598,0.0323962745353345
cg14716095,-0.047402604,
cg21777166,0.94443716,0.00624959440807406
cg04078896,-0.262223313,
cg21167135,0.035022912,
cg27584448,-1.247311911,-0.0102700893393018
cg02318784,-1.627842507,
cg11340260,0.26540292,0.00973951564859998
cg09349128,2.761428361,0.0123079027821793
cg27443567,-1.230601347,-0.0198058721979011
cg25291653,-0.212607749,
cg21683390,-0.058038466,
cg04179940,-0.931973328,-0.00795523421321704
cg20119148,0.071608137,
cg11489251,-0.02573574,
cg05530294,-0.228240037,
cg06639320,2.397565653,
cg00911776,-0.483395796,-3.62608487071522e-05
cg07487572,-0.286089301,
cg14608903,0.197453837,
cg10012394,-1.388768445,-0.145144193929508
cg02506767,0.663563222,
cg10635122,0.351164578,
cg10299976,-0.034329746,-0.0292606957263435
cg05901196,-0.688385544,-0.00171849977976321
cg08936516,0.231779111,
cg21041472,0.15919745,
cg27537199,0.395995488,0.0182675489451336
cg25478614,2.805972038,
cg18235690,-0.247567892,
cg10002915,-0.222172378,-0.0300572556334063
cg02824029,0.910647708,0.0108100019494234
cg16008966,-2.429991123,-0.0316610596885722
cg22375663,-0.070389658,
cg01760189,0.403540285,0.00223028845538861
cg02018902,1.667324331,
cg07063068,-1.372341211,
cg00740914,-0.469973394,-0.00512510514115524
cg26129769,0.129533781,0.0175111986493317
cg21862529,-0.050037863,
cg14676592,1.604049575,0.0897231001777187
cg05934592,-1.848252967,-0.0255549581427838
cg26799250,0.156588463,
cg27385193,0.006165145,
cg12490835,0.337928212,
cg04199609,-1.290166568,
cg18080903,-8.141566899,
cg12965421,0.416590345,
cg06832406,-0.983471892,-0.0134794574477974
cg12079303,-0.359741375,-0.0266024043013448
cg03032798,1.225906574,
cg03935116,-3.099600851,
cg19656486,-0.009126773,
cg23395310,-0.372646831,
cg00513984,-0.477617112,
cg24430580,0.422224215,
cg22162281,3.263150297,0.041030794836336
cg11660018,0.2522226,0.00165972356606922
cg08951638,0.801667944,0.0112210050448631
cg01435109,-0.349785406,
cg15519474,-1.597083029,-0.018756884452654
cg20212624,0.450482123,
cg23448486,2.212107545,0.0685524320921644
cg18317005,-0.254792641,-0.0124366202339808
cg12680719,-0.187381182,
cg17372101,-0.898591198,-0.0143284658466362
cg08097417,9.21019606,0.0242010511501647
cg14646983,-0.072350209,
cg02548777,-0.002973972,
cg26469387,2.717785976,0.0579952274640791
cg00378158,0.245024931,0.00486845950259913
cg11084718,-0.714145595,0.00870401190632224
cg25680628,0.392926863,
cg04436528,-1.20515429,-0.0326904049488918
cg10118456,0.113002259,
cg25383593,-0.193669805,
cg15789106,-0.098037153,
cg14107488,-0.096565993,
cg11693709,-0.767805655,-0.0219705180140041
cg25809905,-0.573554252,-0.00897234851236783
cg27640528,-1.794048011,-0.0232480969046792
cg09137533,0.399317848,
cg16875057,-0.570786747,
cg17940013,-0.941356743,
cg19996355,-0.15330532,-0.0434837794850607
cg21899500,1.027365131,
cg18261491,-0.417682915,
cg08553327,-0.575419566,
cg01757168,0.066638014,0.0192498544150458
cg22579114,-0.315823091,
cg10059056,-0.76064475,
cg24733384,-0.478482863,-0.000124492901037717
cg01502244,-1.145398865,
cg12655542,-0.821522284,
cg26152923,-1.702533027,-0.00611604739462508
cg00504285,0.004573124,0.0175859042324724
cg18545695,0.588438832,0.00575030947618164
cg06832677,-1.489177942,-0.0113078281346785
cg08461772,-0.66224736,
cg14966782,-0.043761022,
cg05764628,-0.477906711,
cg14336501,-0.141018576,-0.00656699476413592
cg11638399,-1.344796255,
cg03938043,0.245036116,
cg06368093,-0.169859438,
cg14901243,0.781242524,0.00924642621803925
cg10690747,-0.179113413,
cg06810647,1.899777748,0.0785051933312293
cg27095592,-0.423406826,
cg10625705,6.47434559,0.284545034215281
cg00688820,0.097672601,
cg15001747,0.197181685,0.00925197412902183
cg01486146,1.165539826,
cg04990190,-0.791868017,-0.0133141840772844
cg15711521,-3.089412307,-0.0508234962789231
cg09929187,-2.086864999,-0.0754937158645659
cg00426498,-0.823183633,
cg16609872,0.344355961,0.000709206487064242
cg04749507,-2.364451281,-0.0415013799917625
cg21100328,-0.420605058,-0.0535961984035704
cg14039301,-1.468516644,
cg06507987,0.001418995,
cg08441138,0.153298779,0.0028958954400284
cg18689332,-0.003632177,
cg23950157,-0.220386139,-0.0486260379258013
cg26707709,-0.547911896,
cg25909396,-0.533040405,-0.0411883047705856
cg25508319,1.922070223,0.0429879076035303
cg05339605,-0.373673485,
cg08043998,1.731755636,0.07653723354981
cg12402251,1.089560293,
cg14514237,-1.633896198,-0.00658684552315749
cg16686396,-0.631958926,-0.0202552376645152
cg03443986,-0.234935288,-0.0170719075230301
cg22747380,0.255992057,0.0236563246191388
cg27543230,-0.133074126,
cg15052335,-0.014427279,
cg12706425,-0.726542132,-0.00104216389310244
cg21491609,0.002020908,
cg17485681_2,1.436573133,0.0121604312081446
cg01235820_2,0.208297002,0.0129421563793444
cg04945331_2,-0.986569911,
cg24334174_2,0.027824342,
cg14439622_2,0.283235073,0.00040577135816239
cg14781189_2,-0.047791272,
cg16767506_2,0.227273245,
cg05345823_2,0.374895766,
cg18780412_2,-17.70063903,
cg26290632_2,3.093076674,
cg02723533_2,0.603464596,
cg04101060_2,-0.001690534,
cg19628934_2,-0.566783891,-0.000645733001137164
cg04612444_2,-0.641375493,
cg20779964_2,-1.235758023,
cg04894619_2,-11.16751294,
cg06424065_2,-0.232699999,
cg20661138_2,-0.087545778,
cg26549330_2,2.073488781,
cg26746573_2,0.107859756,
cg23715749_2,0.768133506,-0.0022079644910219
cg03625109_2,-0.193115008,
cg21650243_2,1.263209509,
cg20004827_2,0.098498383,
cg14288049_2,0.073705743,-0.00535006703183305
cg20364512_2,0.265206377,
cg22925751_2,0.408817126,
cg19403534_2,-0.871394101,-0.0253046469972608
cg18488855_2,0.608013689,
cg10436410_2,0.000119317,
cg23913963_2,0.534094577,
cg12523526_2,-0.533978293,
cg15338967_2,0.072837705,
cg12457773_2,-1.73543304,-0.0281999608690146
cg22719623_2,-1.41772134,-0.0317109984680721
cg15757853_2,0.142005387,
cg24818566_2,-0.00091694,
cg18935453_2,0.776694914,
cg21865845_2,-2.291365471,-0.0486013758562858
cg09152089_2,0.030658888,
cg16990168_2,-0.884210115,
cg02457328_2,-3.642581347,
cg22660299_2,0.160658316,
cg17152981_2,-4.437732362,-0.0819100693456637
cg08405119_2,-0.035778115,-0.00707691497777072
cg27519828_2,-0.406543538,
cg18384588_2,0.005459197,-0.00332143997103925
cg25486757_2,-2.057150625,
cg20625138_2,0.019428057,
cg10943359_2,-1.290293283,
cg00908571_2,0.775725529,
cg01358444_2,0.094417693,
cg14456683_2,-0.509569943,
cg04792712_2,-0.232451397,-0.0711067144457484
cg17790928_2,-0.730696992,-0.0227808475701589
cg18689332_2,-0.19927453,-0.00285909736672411
cg04358214,,0.00353932605182213
cg20533952,,0.00472457297241404
cg00124375,,0.00468359330750872
cg19915582,,0.00596273271979167
cg01281911,,-0.0231311205750519
cg15614119,,-0.00192817727524278
cg22272840,,0.0023847354340381
cg21322436,,-0.00584465125867319
cg14381448,,0.0115929817020454
cg24643922,,0.0225471473596996
cg22557662,,0.00632309584996619
cg09776718,,-0.0283920469012171
cg00147286,,-0.0142998350340162
cg13033938,,-0.231641939361997
cg27093143,,0.00521441988809212
cg04972348,,-0.00255867425495801
cg08813062,,0.00825391615756105
cg20994660,,0.000715458350756275
cg01405582,,-0.0504843071080884
cg09476997,,-0.000383358208825157
cg19451845,,0.0151560786050267
cg04027736,,-0.00533282346526257
cg02368812,,0.00179666248426778
cg04324758,,0.00365835384133184
cg15906794,,-0.0168588394960689
cg23424933,,0.0191442863091156
cg01993818,,-0.00382489424952552
cg27558541,,-0.0234602084862604
cg25677261,,0.000375686717400091
cg25541528,,0.000140141390224789
cg05575921,,-0.00318638790039876
cg00175344,,0.0178844718686741
cg06473363,,-0.00915296195407266
cg25458175,,-0.00367889534291894
cg14439622,,5.80459045707163e-05
cg04632887,,0.0136540987567821
cg09848695,,0.0424596431110471
cg27075187,,-0.0511341278866106
cg25827490,,0.00158928895449938
cg00099441,,0.00120304732438743
cg21330896,,0.0026612347552703
cg18615457,,-0.0243903713709835
cg07678904,,0.0618205213931822
cg04086097,,0.00713650868667414
cg08927006,,0.00233231672396071
cg16271600,,0.00329518452376785
cg11581706,,0.00614092398888072
cg12497914,,0.000895047873654557
cg13070763,,0.0481004345401894
cg01589860,,0.0140238929033108
cg04597433,,0.0001582058087763
cg05213896,,-0.000870797740925443
cg26890189,,-0.00649509546735702
cg15728256,,-0.0058987559373265
cg08620329,,-0.00957022609944806
cg10072464,,-0.0015858333446656
cg11326429,,-0.00631279918728756
cg11997468,,-0.00333249162484154
cg08540945,,-0.0239442966340155
cg05404236,,0.0170044026161392
cg16886175,,0.0094464377714118
cg11827910,,0.00418756089742402
cg13246235,,0.0041954128251199
cg21570209,,-0.00153698214325097
cg14920289,,-0.003625766883318
cg12077963,,-0.0167705396174128
cg14200569,,0.00353248669420588
cg00823843,,-0.00628275374802389
cg12332674,,0.00163104355487192
cg20918393,,-0.00286332700618844
cg01885071,,0.0012730616133654
cg19717773,,0.00840878703790528
cg10179004,,-0.00155547399586968
cg00352652,,-0.0469086681183555
cg18419175,,-0.0197005088201582
cg26665035,,-0.000987026230493491
cg20491914,,-0.00757411740567426
cg26348487,,0.00199535212469518
cg03527802,,-0.00499834755964414
cg26675379,,-0.00804325397326826
cg01444397,,-0.00336405789649348
cg03541887,,0.00494487658398609
cg14871932,,0.00284813963083928
cg23586996,,-0.0137330001320061
cg09320690,,-0.0429312421375359
cg15876825,,-0.0315044947087101
cg23543123,,-0.00273112595331124
cg13588023,,0.00836065455482268
cg27376136,,0.0153306300011026
cg03025830,,0.0263764325553675
cg04501188,,-0.00129284603831937
cg17329494,,0.0022212592228784
cg24349631,,0.00286784578636472
cg24231380,,0.0207409860972005
cg01592801,,-0.0117642748592614
cg01723606,,0.0186308397563952
cg23079012,,-0.00321993619322642
cg22821289,,-0.00692480161778205
cg08061524,,-0.0426140952274029
cg08632909,,-0.00143721279565393
cg11071401,,0.0464789871543407
cg16743273,,-0.0115133931419676
cg15441416,,-0.0036980102955323
cg09434500,,-0.00770804025368399
cg26307359,,-0.0284944789156261
cg17441377,,-0.086566609093159
cg12589298,,0.064448435760044
cg12428514,,-0.000343778438020396
cg24724428,,-0.0325233695672453
cg19140429,,-0.00515855084619218
cg10372921,,-0.0174244975374191
cg03442712,,-0.0208495357285741
cg06106599,,-0.00100528773900376
cg00254079,,0.0118683884961112
cg25580656,,-0.0305518333970262
cg08787968,,1.7584288869048e-06
cg01120509,,-0.00563384868625963
cg22957360,,-0.00380875008999821
cg12978040,,0.0118205440881113
cg11001739,,0.00380654101059332
cg23328622,,-0.0251576268175924
cg24880818,,-0.00199131276509415
cg04419610,,-0.00811140361456379
cg01612292,,0.000721172663453932
cg25977493,,0.0053992900550783
cg21333217,,0.0453198552409912
cg24220279,,-0.000150161621661939
cg19302722,,0.0359060036980941
cg01106572,,0.0126530468285185
cg00688297,,-0.00243603877544017
cg11001665,,-0.00653968064126888
cg13457427,,-0.00824859693143851
cg14533068,,-0.0184684288047255
cg02973171,,-0.0263437126044846
cg22897615,,-0.00398695592969632
cg16361302,,-0.00532422879855705
cg24683414,,-0.0325331319167559
cg25124276,,-0.00707058018992257
cg23688411,,0.010006040564418
cg27025752,,0.0309148027315417
cg00853733,,-0.00653167294201876
cg16579893,,0.00011386126816872
cg26608174,,-0.00115478386005339
cg16279999,,-0.000900231445463175
cg17858328,,0.0169511075273444
cg17540765,,-0.0214429072033851
cg04731544,,-0.00200009049310724
cg08118908,,-0.0147634051455289
cg05016408,,-0.000473806994414163
cg00063006,,-0.00249045268372813
cg03802696,,0.0310134005530165
cg12804791,,0.0057782901236736
cg24955895,,0.0123314024093471
cg07250214,,-0.00361237571991941
cg06222087,,0.0290092538455307
cg15750303,,-0.00530311000052337
cg23552977,,-0.0505858221077284
cg21801378,,-0.0113155326012033
cg26103104,,0.00790286501047314
cg05647602,,-0.00545570550272418
cg17179314,,-0.00665668534320216
cg04643969,,0.0124970869652106
cg07394446,,-0.0128509951317431
cg19881557,,-0.00288186159769483
cg18219563,,0.0152348211537012
cg08542473,,-0.0048107350179259
cg19065831,,-0.00705646095596868
cg17624073,,-0.00327971283968975
cg26663636,,0.000317068793674797
cg13682598,,-0.0157995101326531
cg09366730,,-0.00142107910268817
cg18929814,,-0.0322292554615398
cg01948202,,0.00310278212882793
cg10274029,,0.00285064620215839
cg08342886,,0.0632398788692665
cg21405786,,-0.000959772027429744
cg15994182,,-0.00414662949602057
cg02132714,,-0.000304549316366236
cg04821375,,-0.00893556336769445
cg07104417,,-0.00393749748287881
cg05165553,,-0.0151771171504779
cg13676763,,-0.00420514599764292
cg19594666,,-0.00328851823624039
cg24218925,,-0.0171261621654958
cg23218354,,-0.00601284510526332
cg11771383,,-0.000982822087174939
cg16442402,,0.000712424941484832
cg26844246,,-0.0133492462664976
cg14244013,,-0.000969984975158476
cg05027554,,-0.000706349174216365
cg12127472,,-0.00370468438929423
cg20290360,,-0.00611539806879629
cg05083852,,-0.00299994002070412
cg19137107,,-0.0134808678388016
cg01891736,,-0.000171915288572158
cg17222645,,-0.000463722523117795
cg04101060,,-0.000308494291580545
cg07435445,,-0.029386626089165
cg03217337,,-0.0064463601615663
cg01580888,,0.0196943590635643
cg19628934,,-0.00706437009842148
cg05996538,,0.000703060861899132
cg02724461,,0.00498301862251094
cg10321236,,0.00720759604310407
cg09929238,,-0.000320730729213242
cg13407335,,0.0324037747346804
cg20457732,,-0.00019057079316883
cg26830108,,0.00188980698308876
cg25260426,,0.00717062525350515
cg24466241,,0.0138409632866567
cg17465752,,0.00360415633357362
cg04295144,,0.0118228210377136
cg21380181,,0.0187207461987792
cg09085220,,0.0048206327945381
cg09187107,,-0.00490571222960495
cg16489193,,0.110121457534215
cg07679370,,-0.023283865403769
cg08364767,,-0.0232483435278485
cg04509100,,0.00171662994980291
cg01558040,,0.00802606916655534
cg03179291,,0.0466897630514821
cg17161718,,0.00137481931932799
cg10097464,,-0.00253437597815396
cg04497992,,0.00322781796284094
cg17478979,,0.0352288414764483
cg03750567,,-0.00414420865850657
cg04873098,,-0.00600264740239207
cg18848959,,0.00552258423221626
cg16206504,,-0.0350446159033632
cg19317226,,0.000748915045655248
cg17603689,,0.0153780554563
cg23445341,,0.0360053107461436
cg09001549,,0.0102389746314325
cg05783384,,0.010001553210695
cg23918296,,0.000891068372473147
cg18990407,,0.00582114129601466
cg13985198,,0.000151850204200371
cg10542584,,0.0202526074692537
cg27304729,,-0.0187909621765262
cg08661469,,-0.00281828246045683
cg27252696,,-0.0211042686237198
cg09187007,,-0.000792566303288368
cg04432599,,0.00866990209174507
cg06522288,,0.0153149794617036
cg03837292,,0.00220789097506503
cg18560204,,-0.012133030202157
cg02993991,,-0.00893067941766171
cg05578840,,0.0112713305870807
cg10177394,,0.000448338992028901
cg15847527,,0.0384050983644758
cg09559780,,-0.00584178766315232
cg25761791,,-0.00702708281871291
cg12611243,,-0.0106338082915692
cg02715602,,0.00133014224954666
cg21179618,,0.0484776682450603
cg02903680,,-0.020158653904687
cg01177100,,0.0329485882711318
cg09018739,,0.00646448127990145
cg25349939,,0.00467535026257269
cg19532939,,0.0002831230845603
cg05095591,,0.0025444631281582
cg24172324,,0.0281663201294211
cg24781737,,0.00196077282050989
cg22220502,,0.00224393595779909
cg11269599,,0.00292829878257025
cg21760990,,0.0129938890467855
cg27139419,,0.00517965307992598
cg06440946,,0.000811779888160871
cg07519471,,0.0192745963450445
cg05156137,,-0.0289778081870598
cg07110801,,0.0157000503399825
cg24807889,,0.019710658099745
cg04610187,,0.0164794759030051
cg09593454,,0.0024791604932345
cg13274149,,0.0614733713802706
cg06001419,,0.000696814641485721
cg04027328,,0.0434261846343346
cg16021896,,0.0150344253715035
cg20305024,,0.0391158058797541
cg12939283,,-0.0389043666444307
cg01772439,,0.00997054502100214
cg18854666,,0.00590820007356572
cg26350754,,-0.0146986465397043
cg21713473,,-0.0395533858294219
cg03084103,,0.00158115245839991
cg06620993,,-0.00597311479650539
cg06976485,,0.0231372342222727
cg02810967,,0.00868668995458597
cg10874314,,0.00767849701874039
cg26567688,,0.00881609971117282
cg05251190,,0.0160413989439303
cg21657577,,0.0288646656147692
cg16737749,,-0.0029252565577581
cg11911122,,0.0100852053977235
cg19982668,,0.0131043253389191
cg01890712,,0.011540333044862
cg20185454,,0.00766186385868359
cg20992114,,0.0105543573998055
cg17795695,,0.00569460286370254
cg03359095,,0.00521033277019313
cg08129331,,0.0327579985842591
cg01729837,,0.00328620873773146
cg22222644,,0.0301547382381173
cg25843346,,-0.000451342522301982
cg05369942,,-0.00949757451663438
cg15953461,,-0.00660642981231418
cg12027254,,0.00596496538493698
cg22075146,,0.00059147540449378
cg27137983,,0.0301561209635435
cg23184070,,0.00421845409822096
cg26902279,,-0.0115977659003346
cg09063663,,-0.0466631618572388
cg13511324,,0.0158426481208463
cg14387452,,0.00421564288946627
cg07135732,,0.0241304093603526
cg23149687,,-0.0230940544198736
cg05463027,,-0.0522253211553736
cg12178465,,-0.00646932245468908
cg15765380,,8.57273905587277e-05
cg12096762,,-0.0500011391000561
cg01689404,,-8.4574277403655e-05
cg23202985,,-0.0012868329045246
cg12141659,,0.0121327037913288
cg05762671,,-0.0488545652739129
cg05295023,,-0.0264857655581546
cg23680451,,0.00517068376258431
cg13648715,,0.000319281240490107
cg24461772,,-5.78859905989276e-05
cg00350448,,0.0229655601490512
cg17100218,,0.00875637220644398
cg04833853,,0.122365772725652
cg26610808,,0.00126346027861613
cg07613364,,0.0189540969074937
cg16924102,,-0.00338229932421046
cg21222743,,-0.0299579923596627
cg21631918,,-0.00743362173504093
cg18462381,,-0.014488235328531
cg20868898,,0.0849246079104059
cg09882118,,0.00733528029655122
cg25963412,,0.0122178257300208
cg02047661,,-0.00682481701070808
cg05780139,,-0.0039738442464775
cg09840968,,0.0201246982196939
cg13988440,,-0.0259031656790974
cg23090529,,0.00148265698101673
cg17254383,,0.00150211779872939
cg04197548,,-0.000271957971000223
cg23450972,,-0.0221346652550052
cg02739280,,-0.00471627144550587
cg07683636,,-0.00113380633978795
cg03579624,,0.007536394888244
cg18253757,,0.0358638141428234
cg12614687,,0.014241540214784
cg12671744,,-0.00293506506190107
cg09697696,,-0.0144367844149414
cg19077806,,0.0122099586896167
cg10371155,,-0.000565552023344601
cg18785742,,-0.00464143039170963
ch.2.30415474F,,-0.0694052522157091
cg26130053,,-0.00404704079868592
cg00688941,,-0.000168989410876857
cg05541267,,-0.00605615025669495
cg05851395,,-0.00271415171019637
cg25730428,,0.0549534700283384
cg07172885,,0.00348008902089392
cg01644850,,0.0611941067284177
cg22967717,,0.0172286649627057
cg12276019,,0.00393869293255308
cg21650243,,0.00274455754266818
cg07057831,,-0.0353601505850146
cg27064708,,0.0116214490190786
cg22159171,,0.00227280878758849
cg22704788,,-0.00287027196606133
cg07318627,,0.00222691069352313
cg02098619,,0.0434752822507948
cg01431482,,0.0335188254026603
cg05371578,,0.0119829833942479
cg15094236,,-0.00197510601144356
cg21213853,,0.0430579494231406
cg27422141,,-0.0192988802897213
cg15104126,,0.00553551680201143
cg15703690,,0.0150754832882341
cg19281794,,0.00183870579940235
cg05613083,,0.0121452775343116
cg14956327,,-0.0136100290987783
cg07629854,,0.0371759885779652
cg13104274,,0.00773743995571837
cg14898223,,-0.00458229249737282
cg05841440,,0.0214773886924761
cg05220114,,0.00494201000679154
cg06570224,,0.0326867761507384
cg13966575,,0.00892563983099496
cg02442436,,0.0284899214526498
cg07960944,,0.0235260831227113
cg00686880,,0.0097629338503342
cg10171489,,0.0240054555138536
cg22027435,,0.0088751464130078
cg20153322,,-0.0401774845892155
cg19783291,,0.00553117161017099
cg01940943,,0.0136145384912355
cg17473673,,-0.0143972067440419
cg07808761,,-0.00428934174972601
cg12688576,,0.051475689833874
cg05428701,,0.00306720268354963
cg06154311,,0.00100347750053396
cg11144555,,0.000438338143498301
cg04717143,,-0.0104796721314601
cg09285095,,-0.0014441900381636
cg00662956,,0.00318448000154395
cg17696044,,0.0203584052598568
cg14202825,,0.0216518695261525
cg22920417,,0.00502574476621168
cg13273540,,0.00708249598800784
cg10397932,,-0.0171042086307944
cg27545615,,0.00752854316830155
cg27015931,,-0.203026131277708
cg12814335,,0.00219435062889686
cg01452189,,-0.0154726413727817
cg10813980,,0.0077640879508203
cg20658709,,-0.00215805521032981
cg14562086,,0.0127744262000095
cg11045303,,0.00222386191308088
cg16762684,,-0.155597577393184
cg15475272,,-0.00669186393481932
cg01963224,,0.00411080453190684
cg18509466,,0.0386652859699884
cg18824549,,0.018172992010757
cg26058502,,-0.000951714166146892
cg14776578,,-0.0144579307577849
cg13870990,,0.038595734441518
cg17778556,,0.00905810639093733
cg06230839,,0.0122735250977693
cg18026631,,-0.0127830889185239
cg24938956,,0.0442534510908402
cg25323444,,-2.25990845188023e-05
cg09235539,,0.0202774369285227
cg25533247,,-0.0148338786191263
cg05707655,,0.00192620879477926
cg14422240,,-0.00320428217729897
cg23006567,,-0.0233258041113032
cg13399203,,-0.00794246610691325
cg01429360,,0.013658070880735
cg03933990,,-0.0144993595594321
cg16861964,,0.00782084034455365
cg14909179,,-0.00036477257445914
cg01919885,,-0.00883899714116909
cg02147126,,-0.00756113082705823
cg06687489,,0.00192628447191838
cg21700772,,-0.003085547033849
cg00501876,,-0.000361949029607296
cg25496417,,-0.0250632003557593
cg14962049,,-0.0198411994843853
cg23142799,,-0.00765226683678245
cg07435237,,0.0198653340898101
cg18342964,,-0.000614919526931699
cg22950598,,-0.028938771100788
cg15723784,,-0.0101786642629272
cg23201812,,-0.128820652785992
cg09858508,,-0.00791317137152182
cg22801913,,-0.00285822074784441
cg02744945,,-0.00102396429005158
cg03162994,,-0.00372822078337257
cg01799015,,-0.0133740280484894
cg05814654,,-0.0221876193679071
cg24707889,,0.0118990301159656
cg24553775,,0.000677256571640023
cg14071869,,0.0168707250926749
cg05575054,,-0.0098394973840681
cg15551881,,0.0075438029775487
cg20652404,,-0.00141037183778637
cg08324925,,0.00551226532798112
cg23913963,,0.000859811856768822
cg10835286,,-0.00969371379101913
cg13016775,,-0.00138763952596504
cg07757535,,-0.00497346966761864
ch.6.33611621F,,-0.119748578126675
cg14780255,,0.0105985046996691
cg18468796,,-0.00149997540461356
cg03470094,,0.00362686560439704
cg13736497,,0.0134304748194791
cg04180046,,0.00962126005280301
cg07478501,,0.0341707582160321
cg08783616,,0.0232394876039965
cg14702960,,0.0274562319138681
cg08335125,,-0.00893687944129521
cg18783781,,-0.00159408943846012
cg03716936,,0.00337354805807793
cg15963036,,-0.00563516835401824
cg00973876,,0.0270408871891152
cg26139559,,0.000488303110335072
cg24020215,,0.00189852646232487
cg19268695,,0.000224686715624093
cg12732998,,0.00641253803168667
cg03171478,,-0.00589571209206925
cg13224583,,0.0645585035365229
cg08415592,,-0.0301074748887697
cg19021076,,-0.00448449171368977
cg05264870,,-0.00286977851176228
cg10549973,,-0.0216945853021559
cg24644551,,0.00918720447093095
cg02348437,,-0.000513871037190792
cg01899253,,0.000750347504204691
cg22713958,,0.00831143056317481
cg04790755,,-0.00669705857804093
cg01368217,,0.00288435141240673
cg00990385,,-0.0191611579698951
cg05082527,,-0.00599613384113016
cg19408882,,0.00636140734123897
cg12238343,,0.00206135808762363
cg02722637,,0.00137389847560618
cg13235787,,-0.0128588813072366
cg26147480,,-0.00744344671779412
cg00404400,,-0.0113571898285712
cg15610437,,-0.00268517996018632
cg02727079,,0.00770755276851329
cg01751992,,-0.000546892210974981
cg02031638,,0.00908705887723821
cg16851425,,-0.0378662990517904
cg13187936,,0.0279063089129564
cg12686055,,0.0375463785594291
cg06553792,,-0.00512785763398303
cg07571928,,0.00775594933559193
cg21184711,,0.0739740347392557
cg06346335,,0.0101353303391132
cg09469355,,-0.0166533082300539
cg18352882,,0.00409243176193415
cg26585644,,-0.00712863328465613
cg09292354,,-0.00186194942890417
cg04341343,,-0.000222360589613885
cg19308132,,0.0106907561673802
cg08832695,,-0.0033555635394892
cg04845871,,-0.106774840219868
cg21241823,,0.0261715650017039
cg05850338,,-0.00730311732570824
cg09014329,,-0.00126057518592655
cg04892766,,-0.0122275058062327
cg04420275,,-0.0130569795644475
cg04291430,,-0.00557518459838875
cg22516376,,0.01605384447693
cg07303143,,0.00982842903763156
cg25463963,,-0.000351204524316054
cg10179300,,0.00363096800181357
cg01763090,,-0.0208178694469645
cg24730705,,0.0279558425423163
cg17736772,,-0.00256374130865316
cg02513379,,0.00220574530132211
cg22438810,,0.0120993375602666
cg10136560,,0.00999488909015511
cg07367302,,0.0239195194213261
cg24750308,,-0.00534208255343667
cg04273431,,-0.00283719280474754
cg27212232,,0.000397716491631398
cg17002328,,0.0032802711515942
cg09310092,,-0.249132530325457
cg24251135,,0.017374820843201
cg25207224,,-0.016110309898573
cg22796593,,-0.0112054639307536
cg12462816,,-0.0195603145936255
cg15393490,,-0.108957214332612
cg09152089,,0.000714837059310857
cg06711254,,0.00159063335954053
cg11452501,,-0.0232378050560549
cg04069539,,-0.00133593939072405
cg05813703,,0.00517168206488302
cg23855986,,-0.0171577774010715
cg06822193,,-0.000505396621216863
cg20818778,,0.00712014055256488
cg11127915,,-0.033584183722068
cg02351804,,-0.0077799245693457
cg04439241,,-0.00120750041039321
cg24708861,,0.0154567746600955
cg19713429,,-0.0129671128230542
cg02792538,,-0.058786851695163
cg23124451,,-0.013894600013935
cg10533990,,-0.00648162975033236
cg01396774,,0.0261391783096133
cg22489878,,-0.0219764661602993
cg16477091,,-0.0438190104438635
cg09722609,,0.025998319902062
cg09595479,,-0.00973839745754066
cg02743713,,0.0084400706401409
cg05216056,,-0.00969845182924366
cg23523668,,0.0285849344615824
cg07313679,,0.0245089608154565
cg25047618,,-0.0050899796846107
cg08214927,,-0.00697883032590041
cg12061886,,0.013066535243387
cg07992500,,0.00256509639264557
cg17183174,,-0.0246970392060914
cg07747616,,-0.0232251561667602
cg10376286,,0.00354362979182102
cg02491878,,0.00909162840991148
cg25320169,,0.0252300651736264
cg09957942,,-0.00290974728892039
cg06318164,,0.0151433232461377
cg03167948,,-0.0145191171500502
cg00343092,,-0.0502679356094724
cg21799270,,0.0025928278893088
cg14069287,,-0.0226952787390603
cg25085755,,0.0260734114766862
cg01657207,,0.00759828593159348
cg27278843,,3.73438796857006e-05
cg06712542,,0.00757119372060422
cg00070052,,0.00177166371470371
cg19641804,,-0.00520784173156395
cg26789332,,0.019387808999963
cg09004241,,0.00144763857328116
cg18806997,,0.00434554299499297
cg16193278,,-0.0807494550793021
cg10094358,,0.000425873357616481
cg02041944,,0.0340361077026546
cg19008597,,1.73930415023098e-05
cg16501028,,0.00634152390611826
cg20922701,,0.00551750682576463
cg01172150,,0.00229749269914384
cg18190310,,0.0256916496676522
cg09610644,,0.00223730289063438
cg22277154,,-0.0956582763864863
cg03520471,,0.00060894241579733
cg06667761,,0.0206743330442793
cg16756527,,0.0127155386438705
cg19821872,,-0.00603139833846893
cg06866686,,0.0180782273942311
cg18335796,,0.00868691627964158
cg02670686,,0.00494374504309431
cg07243147,,0.00907302534376772
cg14330585,,0.000496293941361698
cg04376782,,-0.00629610922407396
cg27534520,,0.0225746974279453
cg14302224,,0.00606029994775546
cg08004014,,0.00982678285455254
cg10030162,,-0.00305819234223015
cg18214661,,0.00407126532191363
cg09287629,,0.00448381385348443
cg14203218,,0.021683249966165
cg03471047,,0.0173956104283192
cg09092525,,0.0377115968956584
cg00377358,,0.000314787734607437
cg05654765,,0.00601528642065077
cg14870229,,0.00179161691438735
cg19497511,,0.0072675992764847
cg00537673,,0.0400337352642241
cg17016266,,0.0151576640850204
cg01279933,,-0.00387752702612467
cg17729667,,-0.000603176100913877
cg07145284,,0.0232643550563491
cg27062571,,0.000516298271642281
cg01455178,,-0.00429703726112824
cg23854009,,0.0656470426353818
cg12422761,,0.0100761403954019
cg21572722,,0.0304309003608611
cg06280059,,-0.000577979926776012
cg22586405,,0.0165957586349673
cg17830420,,0.00702970085138184
cg22155039,,0.0118684934991197
cg03542686,,0.00327068626859479
cg08691235,,0.00230154237973028
cg13660719,,-0.0134634557138875
cg10152449,,0.00520312259701165
cg16371518,,0.0014776058101436
cg08461760,,0.00225901842463487
cg01871427,,0.0237626441166516
cg06757775,,0.0204848667641897
cg19724567,,0.0311743335368095
cg08952306,,0.0030744104961011
cg02325250,,0.00779900494465963
cg17832991,,-0.00702844077668839
cg20248822,,0.00517143410905509
cg06619959,,0.0130376529278949
cg20793420,,0.00471473816171037
cg05110943,,0.0283077819398947
cg24834889,,0.0127075312885444
cg12088946,,0.00599486060380394
cg24588162,,0.0102113706292638
cg26229990,,-0.00162740042591799
cg01492538,,0.0157452609950933
cg24174988,,0.0359235665506389
cg11007075,,-0.00114212097464481
cg13431800,,0.00302140278996677
cg13316430,,0.0141640077445269
cg25841008,,0.00963585484914735
cg00863306,,-0.104726267270225
cg08111167,,0.00128467857425789
cg01472299,,0.011051026587462
cg27511181,,0.00319072402830106
cg08644381,,0.000312973356898489
cg15048099,,0.00336779261152147
cg23869743,,0.00409409927694643
cg13916835,,0.0227515252938137
cg11573518,,0.00842948101897545
ch.2.105901354F,,-0.0234450790778582
cg15575498,,0.0199095643397927
cg04457572,,0.000391729893629987
cg05315321,,0.00181702869163899
cg14025336,,0.0197499281205771
cg21462693,,0.0132364355760466
cg14429847,,0.0252994994719605
cg19083497,,0.000303944616330933
cg00082140,,0.0248393379917877
cg01664241,,0.0335125198258949
cg21303039,,0.00146900953997161
cg27569829,,-0.0269557298711541
cg00589617,,0.0124643683043469
cg01901466,,0.000534169266688983
cg25468516,,-0.0371577659055765
cg22935653,,0.0148022890351161
cg27306913,,0.00607352690261591
cg13430464,,0.00149337277075912
cg01331772,,0.0393046570496787
cg17256364,,0.0244142508047046
cg00602811,,-0.0284857178611314
cg14640670,,-0.00123606767075363
cg11617964,,-0.00116684108845601
cg14674720,,0.00397431759780387
cg12549908,,-0.0153445913934688
cg04999352,,-0.0126190802771375
cg06144905,,0.0165734035136965
cg12590902,,-0.020085535703617
cg21220374,,0.014322745790471
cg26988423,,-0.0270367075192675
cg20462883,,0.00102882353675298
cg26999345,,0.00284554654492563
cg22138393,,-0.0121897943486363
cg14734340,,0.0159621809561213
cg01999701,,-0.00576498504882432
cg27293155,,-5.94918403834716e-07
cg13075942,,0.003802449362107
cg04568819,,-6.89176259955485e-05
cg18993113,,0.00195479751662261
cg00503447,,-0.0115198811725489
cg18730926,,-0.0154733021512988
cg00103778,,-0.00915822220370452
cg15246238,,-0.000674746390216706
cg15707568,,0.0365133862839832
cg24231716,,0.0132903072389718
cg03468072,,5.6344926458743e-05
cg10850725,,0.0153461098216405
cg00329615,,-0.176900186185737
cg19588519,,-0.00501091585902142
cg11285834,,0.00244102653718654
cg21519787,,-0.00195980131484875
cg03294491,,0.00356743772408907
cg12857638,,-0.0496829333688257
cg06836849,,0.0371760699668453
cg15903032,,-0.0726239023109041
cg05917988,,0.0806382257584901
cg14037440,,0.000615681071474094
cg12183861,,-0.00989626787509146
cg00275479,,-0.00418659834973504
cg04982488,,0.00219072310840082
cg23429698,,0.0128872686053027
cg23603036,,-0.00900713701800793
cg09737499,,-0.000222666165340239
cg02607237,,0.00618646321443937
cg22971191,,0.0613764687470003
cg25596754,,-0.00206804963485196
cg01554383,,-0.000578423188763565
cg26628907,,-0.0793313866956376
cg24217948,,-0.0117844264436172
cg26112929,,0.0245579575309738
cg04361926,,0.0010021097915882
cg18419358,,0.0162625810564881
cg24365811,,-0.0138590666261034
cg21190895,,-0.0053533765618329
cg24119717,,-0.0242940622509052
cg05713794,,0.00634141847778169
cg00810710,,-0.001831458554479
cg02254885,,-0.0191311185254855
cg01978236,,-0.011254066374523
cg07237926,,-0.0126210943686328
cg17168836,,-0.00173514933821875
cg12688234,,0.00150465240359109
cg24532083,,0.000162725067745614
cg10592592,,-0.0111919670587985
cg23699918,,-0.01464364435297
cg20505457,,0.00439837496691516
cg10499974,,0.0141851395410704
cg24807850,,-0.00495513023976406
cg11668844,,0.0695617518304035
cg16536918,,0.0152280530412391
cg23564243,,-0.0475650045879975
cg10373607,,-0.00671956105708855
cg20625138,,0.000551723989896401
cg10587449,,-0.00176765022528118
cg00218409,,0.0389049550992542
cg24891133,,-0.0126833113849198
cg03323793,,0.00677059030063478
cg26166595,,-0.00628118517546531
cg13543915,,0.00382449029040579
cg19477084,,0.00620585002442457
cg22608655,,-0.0172272944982613
cg06981309,,0.0066186658209426
cg06488443,,-0.0247302068514812
cg02954987,,0.0115046782546741
cg05273302,,-0.00707133841488257
cg14310198,,0.00793208801693002
cg22099723,,0.00880775907143745
cg02807849,,-0.000795944677119192
cg00748718,,0.0326639977257006
cg15775914,,0.00158230229599122
cg22563815,,0.00607924199190182
cg01968178,,0.00835862223375166
cg12164922,,-0.0286165360417569
cg05280698,,0.00551723575923757
cg14591123,,0.00990625258707079
cg15298486,,0.000648023186299768
cg07266431,,0.0281399810778611
cg09636313,,0.0103344777194608
cg17804886,,9.36350084036884e-06
cg16370645,,0.0232027172520694
cg10772185,,0.00780690691619811
cg23828876,,-0.0127831177116746
cg02058108,,-0.00525372078485182
cg13485366,,0.0104831724494149
cg23208717,,0.00463233917150668
cg03693105,,0.00130489301143475
cg21871330,,0.00928769181557237
cg09183450,,0.0109036953095465
cg27587195,,-0.00113400844007081
cg23370589,,0.00127673328647944
cg20375220,,0.0380253291727997
cg17042439,,-0.00125882429477212
cg23238058,,-0.00317357070015529
cg27067781,,-0.00601672060915388
cg26804423,,-0.0137650462566713
cg12255554,,0.0251349817470458
cg20897136,,-0.0117775436838331
cg07891268,,0.00106814384827383
cg26614229,,0.0236899273898471
cg25716623,,0.00840944019606263
cg07956897,,-0.00210118417022747
cg01447660,,-0.053035247704702
cg16581455,,-0.00583258467162926
cg27151122,,-0.0275204662266784
cg13590277,,0.0278968397497941
cg04191427,,0.00285945831786565
cg03211864,,-0.0235734500975596
cg18070470,,0.00495150703660279
cg23949216,,-0.00238312684066338
cg00812303,,0.0559127528446553
cg11250194,,0.00896629357381372
cg20380468,,0.00393037528088089
cg23956238,,0.00958328555467275
cg21750589,,0.00123027057167905
cg22282672,,0.00307587512210131
cg05234415,,0.0138987506740214
cg15962547,,0.0524372573159412
cg21495653,,0.00106851649984008
cg22159815,,0.0534333715199435
cg12077460,,0.00800207037698562
cg16347155,,3.4126051773516e-05
cg19563107,,0.0486272320031394
cg14227558,,0.00505036046959962
cg08425678,,0.00392485281111135
cg15054281,,0.00774611304264557
cg08323969,,0.000798043529702913
cg23829395,,0.00772573430582097
cg26926631,,-0.00179706776184138
cg07466622,,0.0280477248229163
cg25866895,,-0.00227774125940961
cg09219547,,0.000775771883646761
cg20426042,,0.00358693756782788
cg12627844,,0.00809616456220587
cg14628343,,0.00278472117460772
cg21500300,,0.00668163255925489
cg01841306,,0.00959697487234537
cg21025494,,-0.0442508617330237
cg22811647,,-0.00572616778173143
cg07408456,,-0.172690088291208
cg24607642,,0.00141490681067604
cg19321018,,0.000122084641839356
cg07209244,,0.000809507092296153
cg01829002,,0.0193875631079833
cg23688719,,0.000337556931727304
cg26379475,,-0.0284414375190142
cg15356966,,0.0132045211551201
cg19267254,,0.0224860229651808
cg26241460,,0.00489530798938359
cg15225201,,0.0208728061995557
cg15600935_2,,0.00812883284116285
cg04800503_2,,0.0130984007459642
cg04224064_2,,0.00505907600566284
cg25691775_2,,-0.00190405315205527
cg01510388_2,,0.00155869977128955
cg20072171_2,,0.136908897356329
cg00347938_2,,-0.00776218254501289
cg06425868_2,,-0.00180242849636574
cg14284824_2,,-0.00499771046842791
cg00741624_2,,-0.0445722437106622
cg21410991_2,,-0.0108645075771767
cg03758021_2,,-0.00908352807374991
cg09563216_2,,-0.0202217255213323
cg04331189_2,,-0.00347678222475481
cg16110788_2,,-0.0104949462762826
cg12516875_2,,-0.0112517505193353
cg12087471_2,,-0.0112444540696803
cg11142333_2,,-0.00121720930154042
cg14431734_2,,-0.00511384518829911
cg25861699_2,,-0.00860850332333722
cg13826452_2,,-0.0171418922658053
cg01201215_2,,-0.00121792555931409
cg12554573_2,,-0.0216917844702614
cg00574740_2,,-0.0100856031543147
cg24143374_2,,-0.00838359542911391
cg19351603_2,,-0.00794890481936393
cg14257429_2,,-0.0294005336108513
cg19686152_2,,-0.00356142229161916
cg07742396_2,,-0.0364198129077041
cg26725076_2,,-0.000271245364134495
cg01236063_2,,-0.0201299594285054
cg06832008_2,,-0.0135326706615537
cg01765641_2,,-0.00445565209086797
cg06711259_2,,-0.00252264222645441
cg21725716_2,,-0.0593380864187127
cg23500537_2,,-0.0295232354376928
cg00138101_2,,-0.00396446355917318
cg12680719_2,,-0.000328018870319855
cg10674793_2,,-0.0108638716938759
